territoire;spécialité;total;genre_femme;genre_homme;femme_25-29;femme_30-34;femme_35-39;femme_40-44;femme_45-49;femme_50-54;femme_55-59;femme_60-64;femme_65plus;homme_25-29;homme_30-34;homme_35-39;homme_40-44;homme_45-49;homme_50-54;homme_55-59;homme_60-64;homme_65plus
Belgique;Toutes les spécialités;29560;12691;16869;35;1681;1713;1906;1918;1543;1255;949;1691;13;1063;1070;1427;1627;1587;2116;2079;5887
Belgique;Gériatrie;368;238;130;0;47;34;41;49;27;18;11;11;0;6;11;9;11;10;15;26;42
Belgique;Médecine d'urgence;254;123;131;0;45;49;12;8;6;3;0;0;0;39;35;20;18;9;5;4;1
Belgique;Médecine légale;16;5;11;0;3;0;1;1;0;0;0;0;0;0;4;3;0;0;1;1;2
Belgique;Gestion de données de santé;58;22;36;0;0;0;0;1;6;8;6;1;0;0;0;1;4;5;8;12;6
Belgique;Anesthésie-réanimation;2723;1127;1596;3;173;155;155;177;137;97;65;165;2;177;146;183;198;196;201;176;317
Belgique;Chirurgie;1801;386;1415;0;63;68;64;66;35;27;33;30;0;69;102;120;135;135;159;169;526
Belgique;Neurochirurgie;250;32;218;0;8;7;1;7;5;3;1;0;0;19;24;29;32;20;19;25;50
Belgique;Chirurgie plastique, reconstructrice et esthétique;286;73;213;0;9;16;8;10;5;9;10;6;0;11;20;29;23;28;34;16;52
Belgique;Urologie;512;76;436;0;18;15;17;7;10;4;5;0;0;40;44;37;57;32;51;41;134
Belgique;Chirurgie orthopédique;1276;144;1132;0;31;27;15;21;18;15;7;10;0;81;100;125;113;119;158;139;297
Belgique;Neurologie;659;325;334;0;50;66;59;41;47;23;19;20;1;31;22;37;44;37;49;42;71
Belgique;Psychiatrie;951;433;518;0;1;10;16;72;110;91;48;85;0;0;5;10;57;71;80;64;231
Belgique;Neuropsychiatrie;221;52;169;0;0;0;0;0;0;4;7;41;0;0;0;0;0;0;2;11;156
Belgique;Psychiatrie, particulièrement en psychiatrie infanto-juvénile;388;307;81;0;42;71;73;59;17;13;6;26;0;11;8;15;11;4;7;8;17
Belgique;Psychiatrie, particulièrement en psychiatrie adulte;832;412;420;0;59;82;100;69;18;14;24;46;0;30;26;63;51;12;17;54;167
Belgique;Pneumologie;649;278;371;0;39;53;68;48;24;17;9;20;0;27;20;34;34;35;54;66;101
Belgique;Gastro-entérologie;808;282;526;0;50;65;49;42;24;19;11;22;0;32;30;59;54;57;77;68;149
Belgique;Cardiologie;1315;316;999;0;38;62;56;49;40;25;24;22;0;63;79;118;115;111;132;104;277
Belgique;Médecine interne;1950;772;1178;1;116;132;164;119;79;51;48;62;1;57;63;70;124;106;145;107;505
Belgique;Rhumatologie;284;132;152;0;11;19;16;22;18;15;8;23;0;5;7;9;7;11;21;18;74
Belgique;Médecine aiguë;312;137;175;2;9;12;19;39;27;10;14;5;0;5;11;17;35;44;30;17;16
Belgique;Gynécologie-obstétrique;1767;979;788;0;191;141;152;133;119;85;73;85;0;24;28;45;62;68;95;108;358
Belgique;Ophtalmologie;1313;806;507;12;96;83;100;93;80;85;70;187;8;34;26;39;44;43;57;56;200
Belgique;Oto-rhino-laryngologie;774;344;430;2;49;50;50;43;54;36;22;38;0;23;20;25;38;33;60;67;164
Belgique;Stomatologie;386;101;285;0;17;10;19;17;10;5;10;13;0;28;22;29;26;27;29;31;93
Belgique;Dermato-vénéréologie;901;650;251;14;83;59;87;87;86;65;44;125;1;10;15;12;19;17;35;30;112
Belgique;Pédiatrie;2016;1348;668;1;201;177;213;192;151;134;69;210;0;36;32;45;41;59;43;73;339
Belgique;Médecine physique et réadaptation;615;289;326;0;44;25;44;40;42;38;24;32;0;24;24;21;24;21;43;43;126
Belgique;Biologie clinique;725;354;371;0;21;23;36;41;35;37;43;118;0;9;15;16;15;26;39;52;199
Belgique;Radiodiagnostic;1923;582;1341;0;76;81;78;72;91;75;41;68;0;111;92;107;101;132;211;179;408
Belgique;Radiothérapie - oncologie;254;144;110;0;17;20;21;26;18;17;11;14;0;11;11;17;12;11;11;20;17
Belgique;Médecine nucléaire;355;128;227;0;11;17;18;13;19;26;8;16;0;15;10;11;20;16;25;19;111
Belgique;Anatomie pathologique;417;229;188;0;24;27;29;35;31;27;20;36;0;15;6;20;18;10;22;25;72
Belgique;Oncologie médicale;304;171;133;0;30;36;24;28;22;12;8;11;0;15;7;9;22;23;20;12;25
Belgique;Génétique clinique;73;45;28;0;0;4;8;14;6;5;3;5;0;0;2;6;6;5;4;3;2
Belgique;Médecine du travail;1186;652;534;0;9;15;88;154;89;111;92;94;0;5;3;34;43;28;83;89;249
Belgique;Médecine d'assurance et expertise médicale;638;197;441;0;0;2;5;23;37;31;55;44;0;0;0;3;13;26;74;104;221
Région flamande;Toutes les spécialités;16132;6777;9355;19;987;919;1101;1108;863;677;437;666;3;646;605;859;951;878;1221;1165;3027
Région flamande;Gériatrie;220;130;90;0;26;15;19;30;16;9;8;7;0;5;8;5;6;7;12;17;30
Région flamande;Médecine d'urgence;119;67;52;0;26;26;6;5;3;1;0;0;0;26;11;6;6;1;1;1;0
Région flamande;Médecine légale;6;2;4;0;2;0;0;0;0;0;0;0;0;0;1;0;0;0;1;1;1
Région flamande;Gestion de données de santé;26;9;17;0;0;0;0;1;0;5;2;1;0;0;0;0;3;3;1;7;3
Région flamande;Anesthésie-réanimation;1572;654;918;1;115;85;95;98;91;63;38;68;2;113;77;106;113;114;117;99;177
Région flamande;Chirurgie;1002;214;788;0;41;38;44;38;17;10;11;15;0;42;67;73;84;80;85;94;263
Région flamande;Neurochirurgie;160;18;142;0;5;3;0;5;4;1;0;0;0;10;17;24;20;14;11;14;32
Région flamande;Chirurgie plastique, reconstructrice et esthétique;167;40;127;0;4;10;2;6;3;4;7;4;0;5;8;18;14;17;23;9;33
Région flamande;Urologie;315;49;266;0;14;12;8;4;7;2;2;0;0;24;28;23;38;19;35;27;72
Région flamande;Chirurgie orthopédique;755;81;674;0;21;14;9;10;13;8;2;4;0;54;55;87;71;71;98;86;152
Région flamande;Neurologie;357;176;181;0;35;40;30;18;27;9;8;9;0;17;12;21;26;13;26;24;42
Région flamande;Psychiatrie;267;138;129;0;0;0;2;28;58;38;5;7;0;0;0;3;24;42;35;10;15
Région flamande;Neuropsychiatrie;122;26;96;0;0;0;0;0;0;3;6;17;0;0;0;0;0;0;0;9;87
Région flamande;Psychiatrie, particulièrement en psychiatrie infanto-juvénile;262;217;45;0;30;40;57;44;11;11;5;19;0;3;5;6;8;1;6;4;12
Région flamande;Psychiatrie, particulièrement en psychiatrie adulte;582;258;324;0;33;51;68;35;7;8;18;38;0;20;12;31;36;2;13;50;160
Région flamande;Pneumologie;352;154;198;0;24;32;42;25;12;11;4;4;0;18;13;16;18;17;29;38;49
Région flamande;Gastro-entérologie;438;155;283;0;31;39;30;26;13;6;5;5;0;22;20;35;30;29;43;38;66
Région flamande;Cardiologie;676;129;547;0;15;29;23;26;17;9;3;7;0;38;51;77;67;67;66;56;125
Région flamande;Médecine interne;943;375;568;1;58;70;76;64;32;27;29;18;0;29;30;30;57;49;61;38;274
Région flamande;Rhumatologie;145;65;80;0;8;9;9;10;10;7;5;7;0;2;6;7;5;5;8;9;38
Région flamande;Médecine aiguë;140;57;83;1;7;7;12;14;8;3;4;1;0;4;8;14;18;21;8;7;3
Région flamande;Gynécologie-obstétrique;875;471;404;0;105;60;88;73;63;37;25;20;0;11;13;23;30;34;58;54;181
Région flamande;Ophtalmologie;759;478;281;8;56;45;60;65;54;55;41;94;1;12;13;21;21;21;36;31;125
Région flamande;Oto-rhino-laryngologie;416;182;234;1;29;30;27;21;27;20;11;16;0;12;15;16;26;16;28;43;78
Région flamande;Stomatologie;231;57;174;0;11;9;9;13;5;2;5;3;0;19;15;25;18;17;22;19;39
Région flamande;Dermato-vénéréologie;498;363;135;6;48;33;55;57;50;33;23;58;0;7;9;6;13;9;19;17;55
Région flamande;Pédiatrie;999;666;333;1;102;85;103;106;87;73;30;79;0;21;12;23;20;30;24;45;158
Région flamande;Médecine physique et réadaptation;373;165;208;0;26;13;26;23;24;25;17;11;0;19;16;11;19;14;31;20;78
Région flamande;Biologie clinique;380;174;206;0;9;16;25;29;21;20;15;39;0;7;9;11;12;22;24;30;91
Région flamande;Radiodiagnostic;1067;298;769;0;44;42;40;49;45;36;14;28;0;70;51;70;66;73;138;105;196
Région flamande;Radiothérapie - oncologie;157;87;70;0;13;9;19;17;14;10;3;2;0;7;7;12;5;6;10;15;8
Région flamande;Médecine nucléaire;179;62;117;0;8;11;10;7;13;7;2;4;0;9;5;7;11;11;15;9;50
Région flamande;Anatomie pathologique;261;132;129;0;14;17;23;21;18;15;12;12;0;7;4;16;16;7;13;15;51
Région flamande;Oncologie médicale;147;89;58;0;19;14;17;16;9;8;4;2;0;9;3;4;11;11;9;3;8
Région flamande;Génétique clinique;46;27;19;0;0;1;5;9;2;5;3;2;0;0;2;3;3;5;2;3;1
Région flamande;Médecine du travail;776;408;368;0;8;12;59;99;58;74;48;50;0;4;2;28;30;15;67;63;159
Région flamande;Médecine d'assurance et expertise médicale;342;104;238;0;0;2;3;16;24;22;22;15;0;0;0;1;6;15;46;55;115
Région wallonne;Toutes les spécialités;9527;4011;5516;9;428;528;536;621;491;405;340;653;5;257;324;404;511;543;695;687;2090
Région wallonne;Gériatrie;115;85;30;0;18;13;15;17;9;8;1;4;0;1;2;3;4;2;2;6;10
Région wallonne;Médecine d'urgence;89;32;57;0;11;14;3;2;2;0;0;0;0;9;17;8;11;6;3;2;1
Région wallonne;Médecine légale;8;2;6;0;0;0;1;1;0;0;0;0;0;0;2;3;0;0;0;0;1
Région wallonne;Gestion de données de santé;21;7;14;0;0;0;0;0;2;3;2;0;0;0;0;0;1;2;5;3;3
Région wallonne;Anesthésie-réanimation;866;330;536;2;31;52;44;65;32;25;13;66;0;41;49;62;69;60;72;66;117
Région wallonne;Chirurgie;589;117;472;0;13;21;13;21;15;13;14;7;0;13;23;37;40;38;61;63;197
Région wallonne;Neurochirurgie;68;11;57;0;2;3;1;1;1;2;1;0;0;8;4;4;9;5;8;7;12
Région wallonne;Chirurgie plastique, reconstructrice et esthétique;80;23;57;0;3;4;3;4;2;4;2;1;0;5;10;8;3;9;10;3;9
Région wallonne;Urologie;150;22;128;0;3;2;7;2;3;2;3;0;0;9;13;11;16;12;11;11;45
Région wallonne;Chirurgie orthopédique;400;42;358;0;6;9;5;10;1;4;4;3;0;15;37;28;33;42;49;44;110
Région wallonne;Neurologie;216;102;114;0;8;19;19;19;13;10;6;8;0;9;6;11;11;17;18;16;26
Région wallonne;Psychiatrie;426;184;242;0;1;9;10;32;37;22;29;44;0;0;5;5;22;19;28;29;134
Région wallonne;Neuropsychiatrie;65;14;51;0;0;0;0;0;0;0;1;13;0;0;0;0;0;0;2;2;47
Région wallonne;Psychiatrie, particulièrement en psychiatrie infanto-juvénile;74;54;20;0;8;16;9;12;3;0;1;5;0;2;1;5;3;3;1;1;4
Région wallonne;Psychiatrie, particulièrement en psychiatrie adulte;145;91;54;0;13;19;24;24;5;1;3;2;0;5;9;16;9;9;1;1;4
Région wallonne;Pneumologie;225;90;135;0;9;13;20;18;9;5;4;12;0;7;6;13;15;15;19;22;38
Région wallonne;Gastro-entérologie;266;89;177;0;14;22;12;9;8;9;5;10;0;6;4;16;19;22;28;24;58
Région wallonne;Cardiologie;441;117;324;0;17;19;20;17;15;12;10;7;0;16;18;27;35;34;45;37;112
Région wallonne;Médecine interne;668;255;413;0;38;35;52;41;35;15;13;26;1;15;18;25;48;40;66;50;150
Région wallonne;Rhumatologie;99;49;50;0;3;7;4;9;7;6;1;12;0;2;1;2;2;3;9;7;24
Région wallonne;Médecine aiguë;136;60;76;0;0;1;6;22;15;6;8;2;0;1;2;2;16;20;18;8;9
Région wallonne;Gynécologie-obstétrique;598;326;272;0;50;47;45;43;45;30;28;38;0;9;10;13;24;25;30;41;120
Région wallonne;Ophtalmologie;382;222;160;2;23;24;26;21;20;25;18;63;4;14;10;14;11;19;14;19;55
Région wallonne;Oto-rhino-laryngologie;261;122;139;1;11;20;15;17;22;14;10;12;0;7;4;6;12;9;22;16;63
Région wallonne;Stomatologie;99;23;76;0;4;0;6;4;2;1;2;4;0;5;6;3;5;9;6;6;36
Région wallonne;Dermato-vénéréologie;266;187;79;4;20;23;20;21;26;21;14;38;0;2;4;4;4;5;10;9;41
Région wallonne;Pédiatrie;680;446;234;0;66;62;66;63;46;38;28;77;0;10;11;16;15;20;16;20;126
Région wallonne;Médecine physique et réadaptation;200;98;102;0;12;11;13;14;14;9;7;18;0;5;7;10;4;7;11;16;42
Région wallonne;Biologie clinique;243;123;120;0;6;4;9;8;7;12;18;59;0;1;4;3;2;2;10;16;82
Région wallonne;Radiodiagnostic;643;195;448;0;22;25;25;22;27;33;16;25;0;27;30;27;29;46;60;58;171
Région wallonne;Radiothérapie - oncologie;74;39;35;0;4;7;2;4;2;6;6;8;0;2;3;5;7;5;1;4;8
Région wallonne;Médecine nucléaire;130;51;79;0;2;3;5;5;6;17;4;9;0;1;2;3;4;5;8;8;48
Région wallonne;Anatomie pathologique;107;65;42;0;3;7;4;10;10;11;5;15;0;5;2;3;1;2;7;7;15
Région wallonne;Oncologie médicale;100;52;48;0;7;12;2;9;11;2;3;6;0;4;3;3;5;9;8;6;10
Région wallonne;Génétique clinique;18;11;7;0;0;2;3;2;3;0;0;1;0;0;0;2;3;0;2;0;0
Région wallonne;Médecine du travail;330;200;130;0;0;3;25;48;25;30;34;35;0;1;1;5;13;13;10;18;69
Région wallonne;Médecine d'assurance et expertise médicale;249;75;174;0;0;0;2;4;11;9;26;23;0;0;0;1;6;9;24;41;93
Région de Bruxelles Capitale;Toutes les spécialités;3901;1903;1998;7;266;266;269;189;189;173;172;372;5;160;141;164;165;166;200;227;770
Région de Bruxelles Capitale;Gériatrie;33;23;10;0;3;6;7;2;2;1;2;0;0;0;1;1;1;1;1;3;2
Région de Bruxelles Capitale;Médecine d'urgence;46;24;22;0;8;9;3;1;1;2;0;0;0;4;7;6;1;2;1;1;0
Région de Bruxelles Capitale;Médecine légale;2;1;1;0;1;0;0;0;0;0;0;0;0;0;1;0;0;0;0;0;0
Région de Bruxelles Capitale;Gestion de données de santé;11;6;5;0;0;0;0;0;4;0;2;0;0;0;0;1;0;0;2;2;0
Région de Bruxelles Capitale;Anesthésie-réanimation;285;143;142;0;27;18;16;14;14;9;14;31;0;23;20;15;16;22;12;11;23
Région de Bruxelles Capitale;Chirurgie;210;55;155;0;9;9;7;7;3;4;8;8;0;14;12;10;11;17;13;12;66
Région de Bruxelles Capitale;Neurochirurgie;22;3;19;0;1;1;0;1;0;0;0;0;0;1;3;1;3;1;0;4;6
Région de Bruxelles Capitale;Chirurgie plastique, reconstructrice et esthétique;39;10;29;0;2;2;3;0;0;1;1;1;0;1;2;3;6;2;1;4;10
Région de Bruxelles Capitale;Urologie;47;5;42;0;1;1;2;1;0;0;0;0;0;7;3;3;3;1;5;3;17
Région de Bruxelles Capitale;Chirurgie orthopédique;121;21;100;0;4;4;1;1;4;3;1;3;0;12;8;10;9;6;11;9;35
Région de Bruxelles Capitale;Neurologie;86;47;39;0;7;7;10;4;7;4;5;3;1;5;4;5;7;7;5;2;3
Région de Bruxelles Capitale;Psychiatrie;258;111;147;0;0;1;4;12;15;31;14;34;0;0;0;2;11;10;17;25;82
Région de Bruxelles Capitale;Neuropsychiatrie;34;12;22;0;0;0;0;0;0;1;0;11;0;0;0;0;0;0;0;0;22
Région de Bruxelles Capitale;Psychiatrie, particulièrement en psychiatrie infanto-juvénile;52;36;16;0;4;15;7;3;3;2;0;2;0;6;2;4;0;0;0;3;1
Région de Bruxelles Capitale;Psychiatrie, particulièrement en psychiatrie adulte;105;63;42;0;13;12;8;10;6;5;3;6;0;5;5;16;6;1;3;3;3
Région de Bruxelles Capitale;Pneumologie;72;34;38;0;6;8;6;5;3;1;1;4;0;2;1;5;1;3;6;6;14
Région de Bruxelles Capitale;Gastro-entérologie;104;38;66;0;5;4;7;7;3;4;1;7;0;4;6;8;5;6;6;6;25
Région de Bruxelles Capitale;Cardiologie;198;70;128;0;6;14;13;6;8;4;11;8;0;9;10;14;13;10;21;11;40
Région de Bruxelles Capitale;Médecine interne;339;142;197;0;20;27;36;14;12;9;6;18;0;13;15;15;19;17;18;19;81
Région de Bruxelles Capitale;Rhumatologie;40;18;22;0;0;3;3;3;1;2;2;4;0;1;0;0;0;3;4;2;12
Région de Bruxelles Capitale;Médecine aiguë;36;20;16;1;2;4;1;3;4;1;2;2;0;0;1;1;1;3;4;2;4
Région de Bruxelles Capitale;Gynécologie-obstétrique;294;182;112;0;36;34;19;17;11;18;20;27;0;4;5;9;8;9;7;13;57
Région de Bruxelles Capitale;Ophtalmologie;172;106;66;2;17;14;14;7;6;5;11;30;3;8;3;4;12;3;7;6;20
Région de Bruxelles Capitale;Oto-rhino-laryngologie;97;40;57;0;9;0;8;5;5;2;1;10;0;4;1;3;0;8;10;8;23
Région de Bruxelles Capitale;Stomatologie;56;21;35;0;2;1;4;0;3;2;3;6;0;4;1;1;3;1;1;6;18
Région de Bruxelles Capitale;Dermato-vénéréologie;137;100;37;4;15;3;12;9;10;11;7;29;1;1;2;2;2;3;6;4;16
Région de Bruxelles Capitale;Pédiatrie;337;236;101;0;33;30;44;23;18;23;11;54;0;5;9;6;6;9;3;8;55
Région de Bruxelles Capitale;Médecine physique et réadaptation;42;26;16;0;6;1;5;3;4;4;0;3;0;0;1;0;1;0;1;7;6
Région de Bruxelles Capitale;Biologie clinique;102;57;45;0;6;3;2;4;7;5;10;20;0;1;2;2;1;2;5;6;26
Région de Bruxelles Capitale;Radiodiagnostic;213;89;124;0;10;14;13;1;19;6;11;15;0;14;11;10;6;13;13;16;41
Région de Bruxelles Capitale;Radiothérapie - oncologie;23;18;5;0;0;4;0;5;2;1;2;4;0;2;1;0;0;0;0;1;1
Région de Bruxelles Capitale;Médecine nucléaire;46;15;31;0;1;3;3;1;0;2;2;3;0;5;3;1;5;0;2;2;13
Région de Bruxelles Capitale;Anatomie pathologique;49;32;17;0;7;3;2;4;3;1;3;9;0;3;0;1;1;1;2;3;6
Région de Bruxelles Capitale;Oncologie médicale;57;30;27;0;4;10;5;3;2;2;1;3;0;2;1;2;6;3;3;3;7
Région de Bruxelles Capitale;Génétique clinique;9;7;2;0;0;1;0;3;1;0;0;2;0;0;0;1;0;0;0;0;1
Région de Bruxelles Capitale;Médecine du travail;80;44;36;0;1;0;4;7;6;7;10;9;0;0;0;1;0;0;6;8;21
Région de Bruxelles Capitale;Médecine d'assurance et expertise médicale;47;18;29;0;0;0;0;3;2;0;7;6;0;0;0;1;1;2;4;8;13
Brabant flamand;Toutes les spécialités;4342;1998;2344;6;256;274;338;327;240;209;140;208;0;174;149;222;238;235;314;288;724
Brabant flamand;Gériatrie;48;34;14;0;3;5;6;8;5;2;3;2;0;1;1;1;2;1;2;2;4
Brabant flamand;Médecine d'urgence;30;15;15;0;6;3;2;2;2;0;0;0;0;3;5;2;3;0;1;1;0
Brabant flamand;Médecine légale;2;1;1;0;1;0;0;0;0;0;0;0;0;0;0;0;0;0;0;0;1
Brabant flamand;Gestion de données de santé;11;6;5;0;0;0;0;0;0;3;2;1;0;0;0;0;0;0;0;2;3
Brabant flamand;Anesthésie-réanimation;368;161;207;0;22;24;24;22;23;12;14;20;0;31;17;25;24;23;35;22;30
Brabant flamand;Chirurgie;279;67;212;0;11;12;17;15;6;0;3;3;0;8;26;19;22;22;22;20;73
Brabant flamand;Neurochirurgie;35;4;31;0;2;1;0;1;0;0;0;0;0;3;4;4;5;3;3;2;7
Brabant flamand;Chirurgie plastique, reconstructrice et esthétique;37;12;25;0;2;2;1;4;2;1;0;0;0;1;1;2;4;5;5;1;6
Brabant flamand;Urologie;67;9;58;0;1;2;3;0;2;1;0;0;0;5;11;2;7;3;9;6;15
Brabant flamand;Chirurgie orthopédique;176;27;149;0;7;5;3;2;3;4;0;3;0;16;14;24;17;15;23;15;25
Brabant flamand;Neurologie;92;48;44;0;12;5;8;2;11;3;4;3;0;3;3;6;6;4;3;6;13
Brabant flamand;Psychiatrie;75;39;36;0;0;0;1;8;11;13;3;3;0;0;0;2;1;8;9;6;10
Brabant flamand;Neuropsychiatrie;33;6;27;0;0;0;0;0;0;0;2;4;0;0;0;0;0;0;0;1;26
Brabant flamand;Psychiatrie, particulièrement en psychiatrie infanto-juvénile;76;66;10;0;9;10;16;16;2;4;1;8;0;1;0;0;2;1;3;1;2
Brabant flamand;Psychiatrie, particulièrement en psychiatrie adulte;145;67;78;0;7;10;23;11;1;4;4;7;0;6;3;10;6;1;2;9;41
Brabant flamand;Pneumologie;95;47;48;0;8;8;12;9;3;5;0;2;0;7;1;3;7;3;7;8;12
Brabant flamand;Gastro-entérologie;113;44;69;0;7;10;9;9;4;2;2;1;0;7;5;7;5;9;9;10;17
Brabant flamand;Cardiologie;187;36;151;0;3;7;8;8;4;2;2;2;0;12;16;22;13;21;21;17;29
Brabant flamand;Médecine interne;281;116;165;0;15;22;20;24;10;7;13;5;0;9;7;8;25;15;19;14;68
Brabant flamand;Rhumatologie;35;15;20;0;2;2;4;3;2;1;0;1;0;0;1;2;4;2;0;2;9
Brabant flamand;Médecine aiguë;52;23;29;0;6;6;2;3;5;1;0;0;0;2;2;3;6;10;5;0;1
Brabant flamand;Gynécologie-obstétrique;249;147;102;0;30;17;32;22;17;11;7;11;0;1;3;10;9;9;16;18;36
Brabant flamand;Ophtalmologie;200;134;66;2;16;14;19;15;16;14;11;27;0;3;2;8;6;7;7;11;22
Brabant flamand;Oto-rhino-laryngologie;98;48;50;0;5;10;7;5;9;6;2;4;0;3;4;3;6;1;7;10;16
Brabant flamand;Stomatologie;52;18;34;0;2;4;3;3;1;0;2;3;0;6;1;6;2;2;5;0;12
Brabant flamand;Dermato-vénéréologie;141;108;33;4;11;12;19;18;10;10;6;18;0;2;2;1;5;6;4;2;11
Brabant flamand;Pédiatrie;310;217;93;0;26;39;34;33;30;22;8;25;0;5;5;8;5;10;10;18;32
Brabant flamand;Médecine physique et réadaptation;89;41;48;0;6;4;7;7;2;7;4;4;0;5;1;3;3;3;3;3;27
Brabant flamand;Biologie clinique;123;52;71;0;3;3;5;7;4;6;8;16;0;3;1;4;2;6;6;11;38
Brabant flamand;Radiodiagnostic;303;106;197;0;15;13;11;18;15;17;6;11;0;23;11;20;20;20;33;19;51
Brabant flamand;Radiothérapie - oncologie;43;28;15;0;6;2;3;6;5;5;1;0;0;2;1;3;1;1;4;2;1
Brabant flamand;Médecine nucléaire;50;24;26;0;2;7;4;1;6;2;0;2;0;1;0;3;3;4;5;2;8
Brabant flamand;Anatomie pathologique;69;41;28;0;3;6;10;6;2;6;5;3;0;2;0;4;1;3;1;5;12
Brabant flamand;Oncologie médicale;45;25;20;0;4;5;4;2;3;5;1;1;0;3;0;2;4;4;3;1;3
Brabant flamand;Génétique clinique;22;13;9;0;0;1;2;5;1;3;1;0;0;0;1;0;0;4;1;2;1
Brabant flamand;Médecine du travail;213;115;98;0;3;2;18;27;18;17;16;14;0;0;0;5;9;4;19;20;41
Brabant flamand;Médecine d'assurance et expertise médicale;98;38;60;0;0;1;1;5;5;13;9;4;0;0;0;0;3;5;12;19;21
Flandre occidentale;Toutes les spécialités;2596;910;1686;3;142;117;148;140;107;91;49;113;0;93;102;125;157;137;203;201;668
Flandre occidentale;Gériatrie;44;25;19;0;7;2;5;5;1;2;1;2;0;1;2;1;1;0;3;2;9
Flandre occidentale;Médecine d'urgence;14;8;6;0;2;5;1;0;0;0;0;0;0;5;0;0;1;0;0;0;0
Flandre occidentale;Gestion de données de santé;2;0;2;0;0;0;0;0;0;0;0;0;0;0;0;0;0;0;0;2;0
Flandre occidentale;Anesthésie-réanimation;295;104;191;1;17;9;16;15;17;11;6;12;0;19;11;19;26;23;24;18;51
Flandre occidentale;Chirurgie;143;25;118;0;6;4;7;4;0;1;1;2;0;4;10;7;9;10;14;13;51
Flandre occidentale;Neurochirurgie;24;2;22;0;0;1;0;1;0;0;0;0;0;1;4;2;4;1;1;4;5
Flandre occidentale;Chirurgie plastique, reconstructrice et esthétique;26;6;20;0;1;3;0;0;0;1;0;1;0;0;1;4;4;1;4;0;6
Flandre occidentale;Urologie;61;7;54;0;4;1;0;1;1;0;0;0;0;4;6;2;10;6;4;6;16
Flandre occidentale;Chirurgie orthopédique;148;8;140;0;2;0;2;2;1;1;0;0;0;9;14;14;10;15;17;22;39
Flandre occidentale;Neurologie;54;19;35;0;3;5;4;3;3;1;0;0;0;2;1;3;7;0;10;5;7
Flandre occidentale;Psychiatrie;34;13;21;0;0;0;1;1;6;3;1;1;0;0;0;0;3;6;9;1;2
Flandre occidentale;Neuropsychiatrie;23;3;20;0;0;0;0;0;0;0;1;2;0;0;0;0;0;0;0;0;20
Flandre occidentale;Psychiatrie, particulièrement en psychiatrie infanto-juvénile;25;20;5;0;3;2;6;2;0;1;0;6;0;0;0;0;1;0;0;1;3
Flandre occidentale;Psychiatrie, particulièrement en psychiatrie adulte;83;34;49;0;5;9;9;1;0;0;3;7;0;5;1;2;5;0;4;4;28
Flandre occidentale;Pneumologie;56;23;33;0;4;4;9;1;2;3;0;0;0;2;2;1;2;2;5;6;13
Flandre occidentale;Gastro-entérologie;73;19;54;0;5;7;3;2;2;0;0;0;0;2;5;6;6;4;8;7;16
Flandre occidentale;Cardiologie;96;12;84;0;1;3;3;1;2;1;0;1;0;5;8;4;15;8;6;9;29
Flandre occidentale;Médecine interne;117;35;82;0;4;9;9;6;2;3;2;0;0;3;2;5;8;8;4;5;47
Flandre occidentale;Rhumatologie;21;8;13;0;0;2;0;1;2;1;0;2;0;0;1;2;1;0;1;0;8
Flandre occidentale;Médecine aiguë;23;9;14;0;1;0;3;3;1;1;0;0;0;0;2;4;2;3;1;2;0
Flandre occidentale;Gynécologie-obstétrique;131;57;74;0;15;7;10;9;8;6;1;1;0;3;6;0;4;3;10;8;40
Flandre occidentale;Ophtalmologie;134;85;49;1;6;7;7;13;12;10;7;22;0;1;2;3;2;4;5;4;28
Flandre occidentale;Oto-rhino-laryngologie;78;21;57;1;5;3;1;0;5;5;1;0;0;1;3;5;8;2;5;7;26
Flandre occidentale;Stomatologie;41;7;34;0;3;1;0;1;1;0;1;0;0;4;1;6;4;6;3;3;7
Flandre occidentale;Dermato-vénéréologie;82;52;30;0;9;4;4;10;5;3;4;13;0;1;3;0;2;0;5;3;16
Flandre occidentale;Pédiatrie;148;94;54;0;14;11;16;11;12;6;4;20;0;3;2;2;1;7;1;6;32
Flandre occidentale;Médecine physique et réadaptation;68;27;41;0;5;3;5;3;4;4;3;0;0;2;5;1;3;1;4;7;18
Flandre occidentale;Biologie clinique;55;18;37;0;1;2;1;5;0;3;0;6;0;2;1;4;2;3;1;6;18
Flandre occidentale;Radiodiagnostic;203;38;165;0;9;6;6;5;4;4;2;2;0;11;5;16;7;17;31;28;50
Flandre occidentale;Radiothérapie - oncologie;26;15;11;0;0;0;4;5;3;2;0;1;0;1;0;3;2;0;1;1;3
Flandre occidentale;Médecine nucléaire;33;10;23;0;1;1;2;4;1;1;0;0;0;1;2;1;0;1;2;1;15
Flandre occidentale;Anatomie pathologique;40;14;26;0;4;1;2;4;1;0;0;2;0;1;1;4;3;2;1;3;11
Flandre occidentale;Oncologie médicale;28;19;9;0;3;4;3;4;2;1;1;1;0;0;1;0;2;3;1;0;2
Flandre occidentale;Génétique clinique;1;0;1;0;0;0;0;0;0;0;0;0;0;0;0;1;0;0;0;0;0
Flandre occidentale;Médecine du travail;118;63;55;0;2;1;9;14;6;16;7;8;0;0;0;3;2;1;9;8;32
Flandre occidentale;Médecine d'assurance et expertise médicale;48;10;38;0;0;0;0;3;3;0;3;1;0;0;0;0;0;0;9;9;20
Flandre orientale;Toutes les spécialités;3518;1537;1981;3;244;215;260;239;188;147;100;141;3;158;122;191;202;187;251;246;621
Flandre orientale;Gériatrie;52;32;20;0;8;4;5;7;2;2;2;2;0;2;1;0;1;3;2;4;7
Flandre orientale;Médecine d'urgence;25;14;11;0;7;3;3;0;1;0;0;0;0;7;2;2;0;0;0;0;0
Flandre orientale;Médecine légale;2;0;2;0;0;0;0;0;0;0;0;0;0;0;0;0;0;0;1;1;0
Flandre orientale;Gestion de données de santé;4;2;2;0;0;0;0;1;0;1;0;0;0;0;0;0;1;0;0;1;0
Flandre orientale;Anesthésie-réanimation;342;135;207;0;23;22;19;17;18;18;4;14;2;30;19;23;29;22;23;25;34
Flandre orientale;Chirurgie;213;47;166;0;11;6;11;4;7;1;3;4;0;9;12;18;17;20;15;21;54
Flandre orientale;Neurochirurgie;33;4;29;0;2;0;0;1;1;0;0;0;0;4;2;6;3;2;2;2;8
Flandre orientale;Chirurgie plastique, reconstructrice et esthétique;46;8;38;0;0;2;0;2;1;1;1;1;0;4;2;9;2;3;9;2;7
Flandre orientale;Urologie;73;18;55;0;6;6;2;1;2;0;1;0;0;7;3;8;4;2;8;7;16
Flandre orientale;Chirurgie orthopédique;157;14;143;0;3;3;1;2;3;2;0;0;0;14;9;19;13;16;21;20;31
Flandre orientale;Neurologie;71;41;30;0;5;12;8;5;6;2;1;2;0;3;3;3;6;2;4;1;8
Flandre orientale;Psychiatrie;48;25;23;0;0;0;0;3;15;4;0;3;0;0;0;0;8;7;6;0;2
Flandre orientale;Neuropsychiatrie;21;5;16;0;0;0;0;0;0;1;1;3;0;0;0;0;0;0;0;4;12
Flandre orientale;Psychiatrie, particulièrement en psychiatrie infanto-juvénile;49;43;6;0;9;11;9;7;2;1;1;3;0;1;1;3;0;0;0;1;0
Flandre orientale;Psychiatrie, particulièrement en psychiatrie adulte;133;68;65;0;9;17;13;7;2;2;4;14;0;2;4;7;8;0;2;15;27
Flandre orientale;Pneumologie;82;36;46;0;6;13;7;8;1;0;0;1;0;3;4;4;4;7;4;13;7
Flandre orientale;Gastro-entérologie;108;39;69;0;9;7;10;7;3;0;1;2;0;6;6;6;6;9;10;9;17
Flandre orientale;Cardiologie;148;36;112;0;4;8;7;8;5;2;1;1;0;6;9;16;16;15;14;9;27
Flandre orientale;Médecine interne;210;88;122;1;21;17;13;13;5;6;6;6;0;7;7;8;9;7;17;7;60
Flandre orientale;Rhumatologie;42;21;21;0;2;2;2;2;3;2;4;4;0;1;2;1;0;2;4;6;5
Flandre orientale;Médecine aiguë;15;8;7;0;0;0;3;1;1;1;2;0;0;0;1;1;2;1;0;1;1
Flandre orientale;Gynécologie-obstétrique;183;103;80;0;20;16;18;14;17;10;5;3;0;1;2;4;6;6;13;11;37
Flandre orientale;Ophtalmologie;161;96;65;0;12;6;14;17;6;9;14;18;1;3;4;4;4;6;9;4;30
Flandre orientale;Oto-rhino-laryngologie;91;40;51;0;5;4;7;7;6;5;2;4;0;4;2;3;6;6;3;10;17
Flandre orientale;Stomatologie;55;14;41;0;1;2;3;5;1;0;2;0;0;5;5;3;4;4;3;8;9
Flandre orientale;Dermato-vénéréologie;113;96;17;1;17;8;16;12;18;9;5;10;0;2;1;0;0;0;3;3;8
Flandre orientale;Pédiatrie;215;146;69;1;29;14;23;20;19;21;7;12;0;6;1;4;6;3;3;7;39
Flandre orientale;Médecine physique et réadaptation;91;43;48;0;8;3;7;6;6;5;5;3;0;7;4;2;4;5;13;4;9
Flandre orientale;Biologie clinique;98;50;48;0;2;5;12;10;4;7;2;8;0;0;1;1;4;7;9;4;22
Flandre orientale;Radiodiagnostic;209;59;150;0;9;8;14;14;5;4;1;4;0;13;11;14;14;18;27;22;31
Flandre orientale;Radiothérapie - oncologie;30;14;16;0;1;3;4;3;2;1;0;0;0;2;1;3;0;3;1;5;1
Flandre orientale;Médecine nucléaire;44;14;30;0;4;1;2;0;2;2;2;1;0;4;1;1;4;2;2;2;14
Flandre orientale;Anatomie pathologique;59;30;29;0;4;3;6;3;5;4;2;3;0;2;0;5;8;1;4;0;9
Flandre orientale;Oncologie médicale;34;24;10;0;7;3;4;6;2;1;1;0;0;2;1;1;2;0;2;0;2
Flandre orientale;Génétique clinique;13;6;7;0;0;0;1;3;0;0;1;1;0;0;0;2;3;1;1;0;0
Flandre orientale;Médecine du travail;173;97;76;0;0;5;16;20;13;20;13;10;0;1;1;9;8;3;6;12;36
Flandre orientale;Médecine d'assurance et expertise médicale;75;21;54;0;0;1;0;3;4;3;6;4;0;0;0;1;0;4;10;5;34
Anvers;Toutes les spécialités;4056;1698;2358;5;257;220;263;282;234;164;118;155;0;167;174;214;243;231;309;292;728
Anvers;Gériatrie;50;25;25;0;2;4;2;5;7;2;2;1;0;1;4;1;1;2;3;5;8
Anvers;Médecine d'urgence;41;24;17;0;10;11;0;2;0;1;0;0;0;9;3;2;2;1;0;0;0
Anvers;Médecine légale;2;1;1;0;1;0;0;0;0;0;0;0;0;0;1;0;0;0;0;0;0
Anvers;Gestion de données de santé;6;1;5;0;0;0;0;0;0;1;0;0;0;0;0;0;1;1;1;2;0
Anvers;Anesthésie-réanimation;407;186;221;0;44;21;27;33;20;15;11;15;0;20;23;24;24;36;23;24;47
Anvers;Chirurgie;266;55;211;0;10;12;8;10;2;5;2;6;0;17;13;19;24;22;24;34;58
Anvers;Neurochirurgie;46;4;42;0;1;1;0;0;2;0;0;0;0;0;6;10;4;7;4;2;9
Anvers;Chirurgie plastique, reconstructrice et esthétique;44;14;30;0;1;3;1;0;0;1;6;2;0;0;3;2;3;6;3;5;8
Anvers;Urologie;82;13;69;0;2;3;3;2;1;1;1;0;0;5;5;10;12;4;9;4;20
Anvers;Chirurgie orthopédique;207;26;181;0;8;5;1;2;6;1;2;1;0;11;15;20;23;19;27;22;44
Anvers;Neurologie;101;48;53;0;11;13;7;7;4;2;2;2;0;7;2;6;5;7;6;10;10
Anvers;Psychiatrie;68;37;31;0;0;0;0;8;18;10;1;0;0;0;0;1;10;10;7;3;0
Anvers;Neuropsychiatrie;34;7;27;0;0;0;0;0;0;1;0;6;0;0;0;0;0;0;0;4;23
Anvers;Psychiatrie, particulièrement en psychiatrie infanto-juvénile;81;64;17;0;8;9;20;15;4;4;2;2;0;1;2;2;4;0;1;1;6
Anvers;Psychiatrie, particulièrement en psychiatrie adulte;150;59;91;0;9;9;14;10;2;1;4;10;0;7;2;8;11;1;3;17;42
Anvers;Pneumologie;86;39;47;0;5;5;10;7;5;2;4;1;0;5;3;3;3;4;9;6;14
Anvers;Gastro-entérologie;99;33;66;0;4;12;3;6;4;3;1;0;0;6;3;12;9;4;11;8;13
Anvers;Cardiologie;173;36;137;0;5;9;5;7;4;3;0;3;0;11;15;22;17;17;15;14;26
Anvers;Médecine interne;259;110;149;0;16;17;28;14;14;9;7;5;0;9;10;6;12;13;15;9;75
Anvers;Rhumatologie;29;13;16;0;3;1;3;4;2;0;0;0;0;1;1;2;0;0;1;1;10
Anvers;Médecine aiguë;36;14;22;1;0;1;4;5;0;0;2;1;0;2;2;5;4;4;2;3;0
Anvers;Gynécologie-obstétrique;227;115;112;0;25;15;21;20;14;8;10;2;0;4;2;7;7;12;16;12;52
Anvers;Ophtalmologie;190;113;77;3;13;11;13;14;12;19;7;21;0;3;5;5;7;3;11;8;35
Anvers;Oto-rhino-laryngologie;103;51;52;0;10;8;9;4;7;3;4;6;0;1;5;3;5;6;9;8;15
Anvers;Stomatologie;57;13;44;0;4;2;1;3;1;2;0;0;0;2;6;6;4;4;8;5;9
Anvers;Dermato-vénéréologie;110;70;40;1;7;5;11;11;12;4;6;13;0;2;3;3;4;2;6;7;13
Anvers;Pédiatrie;257;171;86;0;29;17;23;33;24;22;10;13;0;7;4;8;5;7;6;8;41
Anvers;Médecine physique et réadaptation;84;43;41;0;5;3;4;7;9;8;3;4;0;4;3;3;4;4;8;2;13
Anvers;Biologie clinique;75;43;32;0;3;4;6;4;9;3;5;9;0;2;3;0;2;5;6;5;9
Anvers;Radiodiagnostic;243;67;176;0;9;8;7;8;15;6;5;9;0;17;18;11;16;12;33;22;47
Anvers;Radiothérapie - oncologie;43;22;21;0;4;1;6;2;4;2;2;1;0;2;4;2;2;2;4;3;2
Anvers;Médecine nucléaire;32;6;26;0;1;0;2;1;1;1;0;0;0;3;2;2;3;4;2;3;7
Anvers;Anatomie pathologique;67;35;32;0;2;4;5;6;7;3;4;4;0;2;3;2;3;1;5;3;13
Anvers;Oncologie médicale;29;13;16;0;3;2;1;3;2;1;1;0;0;4;1;1;2;3;2;2;1
Anvers;Génétique clinique;9;7;2;0;0;0;1;1;1;2;1;1;0;0;1;0;0;0;0;1;0
Anvers;Médecine du travail;191;97;94;0;2;4;15;26;13;13;9;15;0;2;1;6;7;6;21;15;36
Anvers;Médecine d'assurance et expertise médicale;72;23;49;0;0;0;2;2;8;5;4;2;0;0;0;0;3;2;8;14;22
Limbourg;Toutes les spécialités;1620;634;986;2;88;93;92;120;94;66;30;49;0;54;58;107;111;88;144;138;286
Limbourg;Gériatrie;26;14;12;0;6;0;1;5;1;1;0;0;0;0;0;2;1;1;2;4;2
Limbourg;Médecine d'urgence;9;6;3;0;1;4;0;1;0;0;0;0;0;2;1;0;0;0;0;0;0
Limbourg;Gestion de données de santé;3;0;3;0;0;0;0;0;0;0;0;0;0;0;0;0;1;2;0;0;0
Limbourg;Anesthésie-réanimation;160;68;92;0;9;9;9;11;13;7;3;7;0;13;7;15;10;10;12;10;15
Limbourg;Chirurgie;101;20;81;0;3;4;1;5;2;3;2;0;0;4;6;10;12;6;10;6;27
Limbourg;Neurochirurgie;22;4;18;0;0;0;0;2;1;1;0;0;0;2;1;2;4;1;1;4;3
Limbourg;Chirurgie plastique, reconstructrice et esthétique;14;0;14;0;0;0;0;0;0;0;0;0;0;0;1;1;1;2;2;1;6
Limbourg;Urologie;32;2;30;0;1;0;0;0;1;0;0;0;0;3;3;1;5;4;5;4;5
Limbourg;Chirurgie orthopédique;67;6;61;0;1;1;2;2;0;0;0;0;0;4;3;10;8;6;10;7;13
Limbourg;Neurologie;39;20;19;0;4;5;3;1;3;1;1;2;0;2;3;3;2;0;3;2;4
Limbourg;Psychiatrie;42;24;18;0;0;0;0;8;8;8;0;0;0;0;0;0;2;11;4;0;1
Limbourg;Neuropsychiatrie;11;5;6;0;0;0;0;0;0;1;2;2;0;0;0;0;0;0;0;0;6
Limbourg;Psychiatrie, particulièrement en psychiatrie infanto-juvénile;31;24;7;0;1;8;6;4;3;1;1;0;0;0;2;1;1;0;2;0;1
Limbourg;Psychiatrie, particulièrement en psychiatrie adulte;71;30;41;0;3;6;9;6;2;1;3;0;0;0;2;4;6;0;2;5;22
Limbourg;Pneumologie;33;9;24;0;1;2;4;0;1;1;0;0;0;1;3;5;2;1;4;5;3
Limbourg;Gastro-entérologie;45;20;25;0;6;3;5;2;0;1;1;2;0;1;1;4;4;3;5;4;3
Limbourg;Cardiologie;72;9;63;0;2;2;0;2;2;1;0;0;0;4;3;13;6;6;10;7;14
Limbourg;Médecine interne;76;26;50;0;2;5;6;7;1;2;1;2;0;1;4;3;3;6;6;3;24
Limbourg;Rhumatologie;18;8;10;0;1;2;0;0;1;3;1;0;0;0;1;0;0;1;2;0;6
Limbourg;Médecine aiguë;14;3;11;0;0;0;0;2;1;0;0;0;0;0;1;1;4;3;0;1;1
Limbourg;Gynécologie-obstétrique;85;49;36;0;15;5;7;8;7;2;2;3;0;2;0;2;4;4;3;5;16
Limbourg;Ophtalmologie;74;50;24;2;9;7;7;6;8;3;2;6;0;2;0;1;2;1;4;4;10
Limbourg;Oto-rhino-laryngologie;46;22;24;0;4;5;3;5;0;1;2;2;0;3;1;2;1;1;4;8;4
Limbourg;Stomatologie;26;5;21;0;1;0;2;1;1;0;0;0;0;2;2;4;4;1;3;3;2
Limbourg;Dermato-vénéréologie;52;37;15;0;4;4;5;6;5;7;2;4;0;0;0;2;2;1;1;2;7
Limbourg;Pédiatrie;69;38;31;0;4;4;7;9;2;2;1;9;0;0;0;1;3;3;4;6;14
Limbourg;Médecine physique et réadaptation;41;11;30;0;2;0;3;0;3;1;2;0;0;1;3;2;5;1;3;4;11
Limbourg;Biologie clinique;29;11;18;0;0;2;1;3;4;1;0;0;0;0;3;2;2;1;2;4;4
Limbourg;Radiodiagnostic;109;28;81;0;2;7;2;4;6;5;0;2;0;6;6;9;9;6;14;14;17
Limbourg;Radiothérapie - oncologie;15;8;7;0;2;3;2;1;0;0;0;0;0;0;1;1;0;0;0;4;1
Limbourg;Médecine nucléaire;20;8;12;0;0;2;0;1;3;1;0;1;0;0;0;0;1;0;4;1;6
Limbourg;Anatomie pathologique;26;12;14;0;1;3;0;2;3;2;1;0;0;0;0;1;1;0;2;4;6
Limbourg;Oncologie médicale;11;8;3;0;2;0;5;1;0;0;0;0;0;0;0;0;1;1;1;0;0
Limbourg;Génétique clinique;1;1;0;0;0;0;1;0;0;0;0;0;0;0;0;0;0;0;0;0;0
Limbourg;Médecine du travail;81;36;45;0;1;0;1;12;8;8;3;3;0;1;0;5;4;1;12;8;14
Limbourg;Médecine d'assurance et expertise médicale;49;12;37;0;0;0;0;3;4;1;0;4;0;0;0;0;0;4;7;8;18
Brabant Wallon;Toutes les spécialités;2048;871;1177;2;81;95;113;119;116;106;107;132;2;45;62;97;103;133;160;144;431
Brabant Wallon;Gériatrie;20;13;7;0;2;1;4;3;3;0;0;0;0;0;0;0;0;1;1;4;1
Brabant Wallon;Médecine d'urgence;18;10;8;0;2;6;0;1;1;0;0;0;0;2;2;1;3;0;0;0;0
Brabant Wallon;Gestion de données de santé;13;5;8;0;0;0;0;0;2;1;2;0;0;0;0;0;1;2;3;1;1
Brabant Wallon;Anesthésie-réanimation;186;76;110;0;9;10;12;12;6;3;2;22;0;5;21;18;13;11;10;11;21
Brabant Wallon;Chirurgie;122;22;100;0;2;5;1;2;2;0;9;1;0;2;2;6;11;12;13;8;46
Brabant Wallon;Neurochirurgie;7;1;6;0;0;0;0;0;1;0;0;0;0;1;0;0;2;0;2;0;1
Brabant Wallon;Chirurgie plastique, reconstructrice et esthétique;25;7;18;0;2;1;0;1;1;1;1;0;0;0;3;1;1;3;4;1;5
Brabant Wallon;Urologie;28;3;25;0;0;0;1;0;1;1;0;0;0;1;5;2;4;2;2;1;8
Brabant Wallon;Chirurgie orthopédique;88;8;80;0;0;3;1;2;0;1;1;0;0;4;3;4;8;11;12;12;26
Brabant Wallon;Neurologie;51;29;22;0;1;6;4;5;4;5;1;3;0;2;1;5;2;6;2;1;3
Brabant Wallon;Psychiatrie;91;37;54;0;0;0;1;4;9;3;12;8;0;0;1;1;4;4;7;8;29
Brabant Wallon;Neuropsychiatrie;24;7;17;0;0;0;0;0;0;0;1;6;0;0;0;0;0;0;1;0;16
Brabant Wallon;Psychiatrie, particulièrement en psychiatrie infanto-juvénile;21;17;4;0;0;4;4;5;1;0;0;3;0;0;0;1;1;0;0;0;2
Brabant Wallon;Psychiatrie, particulièrement en psychiatrie adulte;34;19;15;0;4;3;6;5;0;0;1;0;0;0;2;4;3;3;0;1;2
Brabant Wallon;Pneumologie;35;18;17;0;0;2;4;3;3;2;0;4;0;0;0;3;1;2;2;6;3
Brabant Wallon;Gastro-entérologie;64;18;46;0;2;4;1;2;2;4;2;1;0;3;1;4;3;8;7;7;13
Brabant Wallon;Cardiologie;100;26;74;0;4;2;6;3;2;2;4;3;0;5;3;10;4;11;13;8;20
Brabant Wallon;Médecine interne;160;53;107;0;6;4;7;11;9;8;5;3;1;5;5;4;11;8;23;14;36
Brabant Wallon;Rhumatologie;14;6;8;0;2;0;1;1;0;0;0;2;0;1;0;0;1;0;2;0;4
Brabant Wallon;Médecine aiguë;31;9;22;0;0;0;1;3;3;1;1;0;0;1;0;1;6;6;4;2;2
Brabant Wallon;Gynécologie-obstétrique;108;68;40;0;9;4;12;10;10;7;10;6;0;1;1;0;3;6;5;6;18
Brabant Wallon;Ophtalmologie;84;53;31;1;2;8;6;4;5;12;2;13;1;4;0;2;3;4;4;4;9
Brabant Wallon;Oto-rhino-laryngologie;51;21;30;0;3;6;3;1;4;2;2;0;0;0;1;1;3;2;4;5;14
Brabant Wallon;Stomatologie;30;5;25;0;2;0;0;1;0;0;1;1;0;2;1;2;1;3;2;4;10
Brabant Wallon;Dermato-vénéréologie;63;50;13;1;3;3;7;7;7;5;8;9;0;0;0;0;1;2;1;0;9
Brabant Wallon;Pédiatrie;150;100;50;0;12;9;18;13;13;12;11;12;0;2;1;5;4;3;3;9;23
Brabant Wallon;Médecine physique et réadaptation;35;16;19;0;4;2;2;2;2;2;0;2;0;0;1;3;0;1;1;2;11
Brabant Wallon;Biologie clinique;68;36;32;0;1;2;3;1;1;6;5;17;0;0;1;1;1;2;2;3;22
Brabant Wallon;Radiodiagnostic;145;52;93;0;7;4;4;7;8;10;8;4;0;3;6;9;4;12;13;13;33
Brabant Wallon;Radiothérapie - oncologie;15;6;9;0;0;0;0;0;0;1;3;2;0;0;1;1;1;1;1;1;3
Brabant Wallon;Médecine nucléaire;29;12;17;0;0;0;1;0;3;6;0;2;0;0;0;0;1;1;2;1;12
Brabant Wallon;Anatomie pathologique;28;16;12;0;1;2;0;2;4;2;3;2;0;0;0;2;0;0;2;3;5
Brabant Wallon;Oncologie médicale;18;8;10;0;1;4;0;0;1;0;1;1;0;1;0;2;1;1;1;1;3
Brabant Wallon;Génétique clinique;4;2;2;0;0;0;1;0;1;0;0;0;0;0;0;2;0;0;0;0;0
Brabant Wallon;Médecine du travail;53;31;22;0;0;0;2;7;6;7;8;1;0;0;0;1;1;4;3;3;10
Brabant Wallon;Médecine d'assurance et expertise médicale;35;11;24;0;0;0;0;1;1;2;3;4;0;0;0;1;0;1;8;4;10
Hainaut;Toutes les spécialités;2454;980;1474;1;94;130;126;151;118;91;75;194;1;49;76;88;130;144;196;199;591
Hainaut;Gériatrie;34;24;10;0;6;4;3;3;1;4;1;2;0;0;1;2;2;0;1;1;3
Hainaut;Médecine d'urgence;23;7;16;0;2;4;1;0;0;0;0;0;0;3;5;1;3;2;1;1;0
Hainaut;Gestion de données de santé;4;2;2;0;0;0;0;0;0;2;0;0;0;0;0;0;0;0;1;1;0
Hainaut;Anesthésie-réanimation;196;76;120;0;6;9;8;13;9;8;3;20;0;3;6;12;11;17;28;12;31
Hainaut;Chirurgie;176;36;140;0;3;7;6;6;3;2;3;6;0;3;8;9;9;12;16;21;62
Hainaut;Neurochirurgie;18;5;13;0;1;2;0;1;0;1;0;0;0;2;1;1;3;1;0;2;3
Hainaut;Chirurgie plastique, reconstructrice et esthétique;18;6;12;0;1;1;1;1;1;1;0;0;0;2;1;3;0;2;2;1;1
Hainaut;Urologie;43;7;36;0;1;0;3;0;0;1;2;0;0;2;4;3;3;4;4;4;12
Hainaut;Chirurgie orthopédique;121;6;115;0;0;1;1;1;0;1;0;2;0;7;12;11;7;19;17;11;31
Hainaut;Neurologie;58;21;37;0;0;5;6;4;2;1;1;2;0;1;2;4;4;4;7;6;9
Hainaut;Psychiatrie;93;39;54;0;0;4;0;8;7;3;5;12;0;0;1;1;6;5;6;10;25
Hainaut;Neuropsychiatrie;18;3;15;0;0;0;0;0;0;0;0;3;0;0;0;0;0;0;1;0;14
Hainaut;Psychiatrie, particulièrement en psychiatrie infanto-juvénile;17;10;7;0;2;4;1;2;1;0;0;0;0;0;0;2;2;2;0;0;1
Hainaut;Psychiatrie, particulièrement en psychiatrie adulte;32;22;10;0;3;5;6;4;3;0;1;0;0;1;1;2;3;2;0;0;1
Hainaut;Pneumologie;79;26;53;0;1;1;6;5;3;1;3;6;0;1;1;3;6;6;8;8;20
Hainaut;Gastro-entérologie;69;20;49;0;4;2;2;3;1;1;0;7;0;1;0;4;9;8;4;7;16
Hainaut;Cardiologie;110;22;88;0;4;3;2;2;3;2;2;4;0;1;4;7;7;6;13;13;37
Hainaut;Médecine interne;179;63;116;0;7;12;13;11;9;2;2;7;0;4;6;5;9;10;22;17;43
Hainaut;Rhumatologie;30;13;17;0;0;3;2;3;1;0;1;3;0;0;1;0;1;1;3;3;8
Hainaut;Médecine aiguë;37;17;20;0;0;0;3;5;4;3;1;1;0;0;0;0;3;7;4;2;4
Hainaut;Gynécologie-obstétrique;183;92;91;0;13;12;11;14;16;7;4;15;0;4;2;4;10;6;11;16;38
Hainaut;Ophtalmologie;76;40;36;0;5;1;6;5;4;4;3;12;1;0;2;2;1;3;2;6;19
Hainaut;Oto-rhino-laryngologie;61;27;34;0;2;4;3;3;7;3;3;2;0;1;0;1;4;2;5;4;17
Hainaut;Stomatologie;24;9;15;0;1;0;2;2;1;1;0;2;0;0;1;0;1;3;2;1;7
Hainaut;Dermato-vénéréologie;72;51;21;1;3;7;4;6;6;6;5;13;0;0;2;2;1;0;4;3;9
Hainaut;Pédiatrie;160;104;56;0;12;18;16;17;9;7;5;20;0;1;3;1;2;6;3;4;36
Hainaut;Médecine physique et réadaptation;45;21;24;0;4;3;2;4;1;1;1;5;0;1;1;1;2;1;2;4;12
Hainaut;Biologie clinique;56;27;29;0;3;1;1;2;1;3;4;12;0;1;1;0;1;0;2;5;19
Hainaut;Radiodiagnostic;160;56;104;0;7;6;9;6;6;8;3;11;0;4;5;5;6;10;11;13;50
Hainaut;Radiothérapie - oncologie;18;9;9;0;1;3;0;2;0;0;0;3;0;0;2;0;4;0;0;2;1
Hainaut;Médecine nucléaire;28;11;17;0;0;3;1;1;1;2;1;2;0;0;0;0;0;2;3;1;11
Hainaut;Anatomie pathologique;35;19;16;0;1;2;1;2;1;5;0;7;0;3;2;1;1;0;1;1;7
Hainaut;Oncologie médicale;26;13;13;0;1;2;0;1;7;0;1;1;0;2;1;0;1;1;4;1;3
Hainaut;Génétique clinique;3;2;1;0;0;0;1;1;0;0;0;0;0;0;0;0;0;0;1;0;0
Hainaut;Médecine du travail;86;57;29;0;0;1;5;12;8;9;11;11;0;1;0;1;5;1;2;5;14
Hainaut;Médecine d'assurance et expertise médicale;66;17;49;0;0;0;0;1;2;2;9;3;0;0;0;0;3;1;5;13;27
Liège;Toutes les spécialités;3156;1400;1756;5;179;201;185;218;160;131;96;225;2;114;120;128;155;174;190;215;658
Liège;Gériatrie;34;28;6;0;6;5;4;7;4;1;0;1;0;0;1;1;0;1;0;1;2
Liège;Médecine d'urgence;33;13;20;0;7;2;2;1;1;0;0;0;0;2;8;5;3;1;1;0;0
Liège;Médecine légale;7;2;5;0;0;0;1;1;0;0;0;0;0;0;2;2;0;0;0;0;1
Liège;Gestion de données de santé;1;0;1;0;0;0;0;0;0;0;0;0;0;0;0;0;0;0;0;0;1
Liège;Anesthésie-réanimation;323;117;206;2;12;22;14;26;10;12;2;17;0;27;16;23;31;24;17;23;45
Liège;Chirurgie;164;35;129;0;3;6;2;7;8;8;1;0;0;7;8;10;7;7;19;22;49
Liège;Neurochirurgie;25;4;21;0;1;1;0;0;0;1;1;0;0;2;3;2;2;2;4;2;4
Liège;Chirurgie plastique, reconstructrice et esthétique;29;8;21;0;0;2;2;1;0;1;1;1;0;3;4;4;1;3;3;0;3
Liège;Urologie;51;6;45;0;1;2;1;0;1;0;1;0;0;4;3;3;6;3;5;5;16
Liège;Chirurgie orthopédique;93;18;75;0;5;2;2;5;0;1;3;0;0;1;11;5;7;8;8;10;25
Liège;Neurologie;69;26;43;0;4;5;5;4;3;1;2;2;0;5;3;2;4;6;6;7;10
Liège;Psychiatrie;175;86;89;0;1;3;8;15;15;10;11;23;0;0;3;2;5;8;7;7;57
Liège;Neuropsychiatrie;16;3;13;0;0;0;0;0;0;0;0;3;0;0;0;0;0;0;0;2;11
Liège;Psychiatrie, particulièrement en psychiatrie infanto-juvénile;22;16;6;0;6;3;4;1;1;0;1;0;0;2;1;1;0;0;1;1;0
Liège;Psychiatrie, particulièrement en psychiatrie adulte;49;33;16;0;4;7;8;12;1;1;0;0;0;2;2;6;1;4;0;0;1
Liège;Pneumologie;69;30;39;0;6;6;6;7;2;1;1;1;0;2;2;6;5;4;4;4;12
Liège;Gastro-entérologie;88;39;49;0;8;11;7;4;4;2;1;2;0;1;2;5;3;5;10;5;18
Liège;Cardiologie;153;50;103;0;6;9;10;9;6;7;3;0;0;4;8;6;15;12;10;11;37
Liège;Médecine interne;191;86;105;0;17;11;20;10;11;1;2;14;0;5;3;8;11;12;12;12;42
Liège;Rhumatologie;34;21;13;0;0;3;0;2;4;5;0;7;0;1;0;1;0;1;2;2;6
Liège;Médecine aiguë;32;11;21;0;0;0;0;6;2;1;2;0;0;0;1;0;5;4;6;3;2
Liège;Gynécologie-obstétrique;209;112;97;0;22;18;13;11;15;9;12;12;0;4;5;4;8;9;10;14;43
Liège;Ophtalmologie;150;93;57;1;12;12;9;9;9;7;10;24;2;8;4;7;3;8;3;3;19
Liège;Oto-rhino-laryngologie;97;51;46;1;4;9;6;11;5;3;3;9;0;4;3;2;3;4;7;3;20
Liège;Stomatologie;17;3;14;0;1;0;2;0;0;0;0;0;0;0;1;1;0;1;1;1;9
Liège;Dermato-vénéréologie;91;60;31;1;6;10;7;7;9;7;1;12;0;2;2;2;1;3;2;6;13
Liège;Pédiatrie;246;164;82;0;28;29;22;22;16;11;9;27;0;5;4;4;7;8;5;5;44
Liège;Médecine physique et réadaptation;86;41;45;0;4;4;6;5;7;4;4;7;0;3;5;4;2;3;7;9;12
Liège;Biologie clinique;66;31;35;0;1;1;2;2;2;2;3;18;0;0;1;1;0;0;5;6;22
Liège;Radiodiagnostic;201;48;153;0;6;7;6;3;6;12;3;5;0;14;11;5;15;15;20;20;53
Liège;Radiothérapie - oncologie;22;10;12;0;1;2;0;1;1;1;1;3;0;2;0;2;1;3;0;1;3
Liège;Médecine nucléaire;49;19;30;0;2;0;2;1;2;6;2;4;0;1;2;3;1;1;0;6;16
Liège;Anatomie pathologique;33;21;12;0;1;2;2;3;4;4;1;4;0;2;0;0;0;1;3;3;3
Liège;Oncologie médicale;36;22;14;0;4;3;1;7;3;1;0;3;0;1;0;1;1;4;2;1;4
Liège;Génétique clinique;10;6;4;0;0;2;1;1;1;0;0;1;0;0;0;0;3;0;1;0;0
Liège;Médecine du travail;101;57;44;0;0;2;9;16;4;8;6;12;0;0;1;0;3;3;3;5;29
Liège;Médecine d'assurance et expertise médicale;84;30;54;0;0;0;1;1;3;3;9;13;0;0;0;0;1;6;6;15;26
Namur;Toutes les spécialités;1378;557;821;1;56;75;80;95;69;55;48;78;0;44;57;70;93;65;105;93;294
Namur;Gériatrie;15;10;5;0;1;1;1;3;1;2;0;1;0;1;0;0;2;0;0;0;2
Namur;Médecine d'urgence;10;1;9;0;0;1;0;0;0;0;0;0;0;2;1;1;1;2;1;1;0
Namur;Médecine légale;1;0;1;0;0;0;0;0;0;0;0;0;0;0;0;1;0;0;0;0;0
Namur;Gestion de données de santé;3;0;3;0;0;0;0;0;0;0;0;0;0;0;0;0;0;0;1;1;1
Namur;Anesthésie-réanimation;119;44;75;0;3;7;6;11;4;1;6;6;0;5;4;8;12;7;13;14;12
Namur;Chirurgie;95;15;80;0;2;2;2;3;2;3;1;0;0;1;4;10;10;5;10;9;31
Namur;Neurochirurgie;15;1;14;0;0;0;1;0;0;0;0;0;0;3;0;1;2;2;2;2;2
Namur;Chirurgie plastique, reconstructrice et esthétique;7;1;6;0;0;0;0;1;0;0;0;0;0;0;2;0;1;1;1;1;0
Namur;Urologie;18;5;13;0;1;0;1;2;1;0;0;0;0;2;1;1;3;2;0;1;3
Namur;Chirurgie orthopédique;71;8;63;0;1;3;1;2;0;0;0;1;0;1;9;8;7;1;9;8;20
Namur;Neurologie;28;19;9;0;3;1;3;5;2;2;2;1;0;1;0;0;1;0;3;1;3
Namur;Psychiatrie;48;16;32;0;0;2;0;4;5;5;0;0;0;0;0;1;6;1;5;4;15
Namur;Neuropsychiatrie;4;1;3;0;0;0;0;0;0;0;0;1;0;0;0;0;0;0;0;0;3
Namur;Psychiatrie, particulièrement en psychiatrie infanto-juvénile;9;6;3;0;0;4;0;1;0;0;0;1;0;0;0;1;0;1;0;0;1
Namur;Psychiatrie, particulièrement en psychiatrie adulte;24;13;11;0;1;3;4;2;1;0;1;1;0;2;4;3;2;0;0;0;0
Namur;Pneumologie;34;14;20;0;2;3;4;2;1;1;0;1;0;3;2;1;2;3;4;2;3
Namur;Gastro-entérologie;36;9;27;0;0;4;2;0;0;2;1;0;0;1;1;1;3;1;5;5;10
Namur;Cardiologie;59;15;44;0;2;3;2;3;4;1;0;0;0;5;3;3;6;5;6;4;12
Namur;Médecine interne;106;43;63;0;7;8;8;7;5;2;4;2;0;1;4;4;11;8;7;6;22
Namur;Rhumatologie;17;7;10;0;1;0;1;3;2;0;0;0;0;0;0;1;0;1;1;2;5
Namur;Médecine aiguë;30;20;10;0;0;1;2;7;6;1;2;1;0;0;1;1;2;2;3;0;1
Namur;Gynécologie-obstétrique;66;39;27;0;3;8;7;6;2;6;2;5;0;0;1;4;2;1;1;3;15
Namur;Ophtalmologie;55;27;28;0;3;3;4;2;1;2;1;11;0;2;4;3;3;3;3;5;5
Namur;Oto-rhino-laryngologie;41;17;24;0;2;1;1;2;3;5;2;1;0;2;0;2;2;1;4;4;9
Namur;Stomatologie;22;3;19;0;0;0;1;0;1;0;1;0;0;3;3;0;3;1;1;0;8
Namur;Dermato-vénéréologie;32;20;12;1;7;3;1;1;3;1;0;3;0;0;0;0;1;0;2;0;9
Namur;Pédiatrie;87;51;36;0;11;4;5;6;5;5;1;14;0;2;2;6;1;3;3;1;18
Namur;Médecine physique et réadaptation;27;17;10;0;0;1;3;1;4;2;2;4;0;1;0;1;0;1;1;1;5
Namur;Biologie clinique;42;24;18;0;1;0;3;3;2;0;5;10;0;0;1;1;0;0;1;2;13
Namur;Radiodiagnostic;98;29;69;0;2;7;4;5;5;2;1;3;0;6;8;5;3;5;8;6;28
Namur;Radiothérapie - oncologie;17;13;4;0;2;2;2;1;1;3;2;0;0;0;0;2;1;1;0;0;0
Namur;Médecine nucléaire;19;7;12;0;0;0;1;2;0;3;1;0;0;0;0;0;1;1;3;0;7
Namur;Anatomie pathologique;9;7;2;0;0;1;1;2;1;0;1;1;0;0;0;0;0;1;1;0;0
Namur;Oncologie médicale;16;7;9;0;1;2;1;0;0;1;1;1;0;0;2;0;2;2;1;2;0
Namur;Médecine du travail;56;36;20;0;0;0;7;7;5;3;8;6;0;0;0;0;1;3;1;4;11
Namur;Médecine d'assurance et expertise médicale;42;12;30;0;0;0;1;1;2;2;3;3;0;0;0;0;2;0;4;4;20
Luxembourg;Toutes les spécialités;491;203;288;0;18;27;32;38;28;22;14;24;0;5;9;21;30;27;44;36;116
Luxembourg;Gériatrie;12;10;2;0;3;2;3;1;0;1;0;0;0;0;0;0;0;0;0;0;2
Luxembourg;Médecine d'urgence;5;1;4;0;0;1;0;0;0;0;0;0;0;0;1;0;1;1;0;0;1
Luxembourg;Anesthésie-réanimation;42;17;25;0;1;4;4;3;3;1;0;1;0;1;2;1;2;1;4;6;8
Luxembourg;Chirurgie;32;9;23;0;3;1;2;3;0;0;0;0;0;0;1;2;3;2;3;3;9
Luxembourg;Neurochirurgie;3;0;3;0;0;0;0;0;0;0;0;0;0;0;0;0;0;0;0;1;2
Luxembourg;Chirurgie plastique, reconstructrice et esthétique;1;1;0;0;0;0;0;0;0;1;0;0;0;0;0;0;0;0;0;0;0
Luxembourg;Urologie;10;1;9;0;0;0;1;0;0;0;0;0;0;0;0;2;0;1;0;0;6
Luxembourg;Chirurgie orthopédique;27;2;25;0;0;0;0;0;1;1;0;0;0;2;2;0;4;3;3;3;8
Luxembourg;Neurologie;10;7;3;0;0;2;1;1;2;1;0;0;0;0;0;0;0;1;0;1;1
Luxembourg;Psychiatrie;19;6;13;0;0;0;1;1;1;1;1;1;0;0;0;0;1;1;3;0;8
Luxembourg;Neuropsychiatrie;3;0;3;0;0;0;0;0;0;0;0;0;0;0;0;0;0;0;0;0;3
Luxembourg;Psychiatrie, particulièrement en psychiatrie infanto-juvénile;5;5;0;0;0;1;0;3;0;0;0;1;0;0;0;0;0;0;0;0;0
Luxembourg;Psychiatrie, particulièrement en psychiatrie adulte;6;4;2;0;1;1;0;1;0;0;0;1;0;0;0;1;0;0;1;0;0
Luxembourg;Pneumologie;8;2;6;0;0;1;0;1;0;0;0;0;0;1;1;0;1;0;1;2;0
Luxembourg;Gastro-entérologie;9;3;6;0;0;1;0;0;1;0;1;0;0;0;0;2;1;0;2;0;1
Luxembourg;Cardiologie;19;4;15;0;1;2;0;0;0;0;1;0;0;1;0;1;3;0;3;1;6
Luxembourg;Médecine interne;32;10;22;0;1;0;4;2;1;2;0;0;0;0;0;4;6;2;2;1;7
Luxembourg;Rhumatologie;4;2;2;0;0;1;0;0;0;1;0;0;0;0;0;0;0;0;1;0;1
Luxembourg;Médecine aiguë;6;3;3;0;0;0;0;1;0;0;2;0;0;0;0;0;0;1;1;1;0
Luxembourg;Gynécologie-obstétrique;32;15;17;0;3;5;2;2;2;1;0;0;0;0;1;1;1;3;3;2;6
Luxembourg;Ophtalmologie;17;9;8;0;1;0;1;1;1;0;2;3;0;0;0;0;1;1;2;1;3
Luxembourg;Oto-rhino-laryngologie;11;6;5;0;0;0;2;0;3;1;0;0;0;0;0;0;0;0;2;0;3
Luxembourg;Stomatologie;6;3;3;0;0;0;1;1;0;0;0;1;0;0;0;0;0;1;0;0;2
Luxembourg;Dermato-vénéréologie;8;6;2;0;1;0;1;0;1;2;0;1;0;0;0;0;0;0;1;0;1
Luxembourg;Pédiatrie;37;27;10;0;3;2;5;5;3;3;2;4;0;0;1;0;1;0;2;1;5
Luxembourg;Médecine physique et réadaptation;7;3;4;0;0;1;0;2;0;0;0;0;0;0;0;1;0;1;0;0;2
Luxembourg;Biologie clinique;11;5;6;0;0;0;0;0;1;1;1;2;0;0;0;0;0;0;0;0;6
Luxembourg;Radiodiagnostic;39;10;29;0;0;1;2;1;2;1;1;2;0;0;0;3;1;4;8;6;7
Luxembourg;Radiothérapie - oncologie;2;1;1;0;0;0;0;0;0;1;0;0;0;0;0;0;0;0;0;0;1
Luxembourg;Médecine nucléaire;5;2;3;0;0;0;0;1;0;0;0;1;0;0;0;0;1;0;0;0;2
Luxembourg;Anatomie pathologique;2;2;0;0;0;0;0;1;0;0;0;1;0;0;0;0;0;0;0;0;0
Luxembourg;Oncologie médicale;4;2;2;0;0;1;0;1;0;0;0;0;0;0;0;0;0;1;0;1;0
Luxembourg;Génétique clinique;1;1;0;0;0;0;0;0;1;0;0;0;0;0;0;0;0;0;0;0;0
Luxembourg;Médecine du travail;34;19;15;0;0;0;2;6;2;3;1;5;0;0;0;3;3;2;1;1;5
Luxembourg;Médecine d'assurance et expertise médicale;22;5;17;0;0;0;0;0;3;0;2;0;0;0;0;0;0;1;1;5;10
Région de Bruxelles Capitale;Toutes les spécialités;3901;1903;1998;7;266;266;269;189;189;173;172;372;5;160;141;164;165;166;200;227;770
Région de Bruxelles Capitale;Gériatrie;33;23;10;0;3;6;7;2;2;1;2;0;0;0;1;1;1;1;1;3;2
Région de Bruxelles Capitale;Médecine d'urgence;46;24;22;0;8;9;3;1;1;2;0;0;0;4;7;6;1;2;1;1;0
Région de Bruxelles Capitale;Médecine légale;2;1;1;0;1;0;0;0;0;0;0;0;0;0;1;0;0;0;0;0;0
Région de Bruxelles Capitale;Gestion de données de santé;11;6;5;0;0;0;0;0;4;0;2;0;0;0;0;1;0;0;2;2;0
Région de Bruxelles Capitale;Anesthésie-réanimation;285;143;142;0;27;18;16;14;14;9;14;31;0;23;20;15;16;22;12;11;23
Région de Bruxelles Capitale;Chirurgie;210;55;155;0;9;9;7;7;3;4;8;8;0;14;12;10;11;17;13;12;66
Région de Bruxelles Capitale;Neurochirurgie;22;3;19;0;1;1;0;1;0;0;0;0;0;1;3;1;3;1;0;4;6
Région de Bruxelles Capitale;Chirurgie plastique, reconstructrice et esthétique;39;10;29;0;2;2;3;0;0;1;1;1;0;1;2;3;6;2;1;4;10
Région de Bruxelles Capitale;Urologie;47;5;42;0;1;1;2;1;0;0;0;0;0;7;3;3;3;1;5;3;17
Région de Bruxelles Capitale;Chirurgie orthopédique;121;21;100;0;4;4;1;1;4;3;1;3;0;12;8;10;9;6;11;9;35
Région de Bruxelles Capitale;Neurologie;86;47;39;0;7;7;10;4;7;4;5;3;1;5;4;5;7;7;5;2;3
Région de Bruxelles Capitale;Psychiatrie;258;111;147;0;0;1;4;12;15;31;14;34;0;0;0;2;11;10;17;25;82
Région de Bruxelles Capitale;Neuropsychiatrie;34;12;22;0;0;0;0;0;0;1;0;11;0;0;0;0;0;0;0;0;22
Région de Bruxelles Capitale;Psychiatrie, particulièrement en psychiatrie infanto-juvénile;52;36;16;0;4;15;7;3;3;2;0;2;0;6;2;4;0;0;0;3;1
Région de Bruxelles Capitale;Psychiatrie, particulièrement en psychiatrie adulte;105;63;42;0;13;12;8;10;6;5;3;6;0;5;5;16;6;1;3;3;3
Région de Bruxelles Capitale;Pneumologie;72;34;38;0;6;8;6;5;3;1;1;4;0;2;1;5;1;3;6;6;14
Région de Bruxelles Capitale;Gastro-entérologie;104;38;66;0;5;4;7;7;3;4;1;7;0;4;6;8;5;6;6;6;25
Région de Bruxelles Capitale;Cardiologie;198;70;128;0;6;14;13;6;8;4;11;8;0;9;10;14;13;10;21;11;40
Région de Bruxelles Capitale;Médecine interne;339;142;197;0;20;27;36;14;12;9;6;18;0;13;15;15;19;17;18;19;81
Région de Bruxelles Capitale;Rhumatologie;40;18;22;0;0;3;3;3;1;2;2;4;0;1;0;0;0;3;4;2;12
Région de Bruxelles Capitale;Médecine aiguë;36;20;16;1;2;4;1;3;4;1;2;2;0;0;1;1;1;3;4;2;4
Région de Bruxelles Capitale;Gynécologie-obstétrique;294;182;112;0;36;34;19;17;11;18;20;27;0;4;5;9;8;9;7;13;57
Région de Bruxelles Capitale;Ophtalmologie;172;106;66;2;17;14;14;7;6;5;11;30;3;8;3;4;12;3;7;6;20
Région de Bruxelles Capitale;Oto-rhino-laryngologie;97;40;57;0;9;0;8;5;5;2;1;10;0;4;1;3;0;8;10;8;23
Région de Bruxelles Capitale;Stomatologie;56;21;35;0;2;1;4;0;3;2;3;6;0;4;1;1;3;1;1;6;18
Région de Bruxelles Capitale;Dermato-vénéréologie;137;100;37;4;15;3;12;9;10;11;7;29;1;1;2;2;2;3;6;4;16
Région de Bruxelles Capitale;Pédiatrie;337;236;101;0;33;30;44;23;18;23;11;54;0;5;9;6;6;9;3;8;55
Région de Bruxelles Capitale;Médecine physique et réadaptation;42;26;16;0;6;1;5;3;4;4;0;3;0;0;1;0;1;0;1;7;6
Région de Bruxelles Capitale;Biologie clinique;102;57;45;0;6;3;2;4;7;5;10;20;0;1;2;2;1;2;5;6;26
Région de Bruxelles Capitale;Radiodiagnostic;213;89;124;0;10;14;13;1;19;6;11;15;0;14;11;10;6;13;13;16;41
Région de Bruxelles Capitale;Radiothérapie - oncologie;23;18;5;0;0;4;0;5;2;1;2;4;0;2;1;0;0;0;0;1;1
Région de Bruxelles Capitale;Médecine nucléaire;46;15;31;0;1;3;3;1;0;2;2;3;0;5;3;1;5;0;2;2;13
Région de Bruxelles Capitale;Anatomie pathologique;49;32;17;0;7;3;2;4;3;1;3;9;0;3;0;1;1;1;2;3;6
Région de Bruxelles Capitale;Oncologie médicale;57;30;27;0;4;10;5;3;2;2;1;3;0;2;1;2;6;3;3;3;7
Région de Bruxelles Capitale;Génétique clinique;9;7;2;0;0;1;0;3;1;0;0;2;0;0;0;1;0;0;0;0;1
Région de Bruxelles Capitale;Médecine du travail;80;44;36;0;1;0;4;7;6;7;10;9;0;0;0;1;0;0;6;8;21
Région de Bruxelles Capitale;Médecine d'assurance et expertise médicale;47;18;29;0;0;0;0;3;2;0;7;6;0;0;0;1;1;2;4;8;13
