territoire;spécialité;total;total_femmes;total_hommes;femmes_20_24;femmes_25_29;femmes_30_34;femmes_35_39;femmes_40_44;femmes_45_49;femmes_50_54;femmes_55_59;femmes_60_64;femmes_65plus;hommes_20_24;hommes_25_29;hommes_30_34;hommes_35_39;hommes_40_44;hommes_45_49;hommes_50_54;hommes_55_59;hommes_60_64;hommes_65plus
Belgique;TOUTES SPECIALITES;4681;2755;1926;29;2092;542;56;20;11;4;0;1;0;19;1416;396;48;20;15;4;4;3;1
Région Flandre;TOUTES SPECIALITES;2578;1502;1076;13;1181;265;26;9;5;3;0;0;0;3;835;203;16;6;4;2;3;3;1
Région Wallonie;TOUTES SPECIALITES;1156;688;468;11;524;130;10;7;4;1;0;1;0;12;340;84;12;8;9;2;1;0;0
Région Région de Bruxelles-capitale;TOUTES SPECIALITES;947;565;382;5;387;147;20;4;2;0;0;0;0;4;241;109;20;6;2;0;0;0;0
Prov Brabant flamand;TOUTES SPECIALITES;818;479;339;3;378;86;5;4;3;0;0;0;0;1;247;76;6;1;2;2;3;1;0
Prov Flandre occidentale;TOUTES SPECIALITES;286;170;116;3;141;21;4;0;1;0;0;0;0;0;100;14;1;1;0;0;0;0;0
Prov Flandre orientale;TOUTES SPECIALITES;650;376;274;4;280;76;12;3;0;1;0;0;0;0;225;42;4;1;0;0;0;2;0
Prov Anvers;TOUTES SPECIALITES;648;379;269;3;297;69;5;2;1;2;0;0;0;0;201;59;4;2;2;0;0;0;1
Prov Limbourg;TOUTES SPECIALITES;176;98;78;0;85;13;0;0;0;0;0;0;0;2;62;12;1;1;0;0;0;0;0
Prov Brabant wallon;TOUTES SPECIALITES;187;114;73;2;84;24;2;2;0;0;0;0;0;0;50;17;2;1;3;0;0;0;0
Prov Hainaut;TOUTES SPECIALITES;264;170;94;5;129;25;5;3;2;1;0;0;0;3;66;17;3;2;2;0;1;0;0
Prov Liège;TOUTES SPECIALITES;515;296;219;3;225;64;1;1;1;0;0;1;0;6;166;34;5;5;1;2;0;0;0
Prov Namur;TOUTES SPECIALITES;144;77;67;1;62;13;1;0;0;0;0;0;0;2;45;16;2;0;2;0;0;0;0
Prov Luxembourg;TOUTES SPECIALITES;46;31;15;0;24;4;1;1;1;0;0;0;0;1;13;0;0;0;1;0;0;0;0
Prov Région de Bruxelles-capitale;TOUTES SPECIALITES;947;565;382;5;387;147;20;4;2;0;0;0;0;4;241;109;20;6;2;0;0;0;0
Belgique;MEDECINE DU TRAVAIL;79;48;31;0;14;12;10;4;5;2;0;1;0;0;4;6;4;4;4;2;4;2;1
Belgique;ANESTHESIE-REANIMATION;536;242;294;2;175;59;4;2;0;0;0;0;0;2;223;58;8;2;0;1;0;0;0
Belgique;CHIRURGIE;322;161;161;1;126;31;2;1;0;0;0;0;0;2;113;39;7;0;0;0;0;0;0
Belgique;NEUROCHIRURGIE;59;17;42;0;10;6;1;0;0;0;0;0;0;0;28;13;1;0;0;0;0;0;0
Belgique;CHIRURGIE PLASTIQUE, RECONSTRUCTRICE ET ESTHETIQUE;44;22;22;0;13;8;1;0;0;0;0;0;0;0;13;8;1;0;0;0;0;0;0
Belgique;NEUROLOGIE;131;86;45;4;68;13;1;0;0;0;0;0;0;0;34;10;0;0;1;0;0;0;0
Belgique;GYNECOLOGIE-OBSTETRIQUE;304;272;32;5;229;35;2;1;0;0;0;0;0;0;27;4;1;0;0;0;0;0;0
Belgique;OPHTALMOLOGIE;117;84;33;1;73;9;1;0;0;0;0;0;0;2;30;1;0;0;0;0;0;0;0
Belgique;OTO-RHINO-LARYNGOLOGIE;90;73;17;1;63;9;0;0;0;0;0;0;0;0;15;1;1;0;0;0;0;0;0
Belgique;UROLOGIE;110;42;68;0;37;5;0;0;0;0;0;0;0;0;47;21;0;0;0;0;0;0;0
Belgique;CHIRURGIE ORTHOPEDIQUE;219;59;160;0;49;10;0;0;0;0;0;0;0;2;108;43;6;1;0;0;0;0;0
Belgique;STOMATOLOGIE;41;12;29;0;9;3;0;0;0;0;0;0;0;0;24;5;0;0;0;0;0;0;0
Belgique;DERMATO-VENEREOLOGIE;82;70;12;0;60;9;1;0;0;0;0;0;0;0;9;2;1;0;0;0;0;0;0
Belgique;PNEUMOLOGIE;73;45;28;0;24;20;1;0;0;0;0;0;0;0;15;13;0;0;0;0;0;0;0
Belgique;GASTRO-ENTEROLOGIE;92;57;35;0;30;25;2;0;0;0;0;0;0;0;18;15;0;2;0;0;0;0;0
Belgique;PEDIATRIE;384;326;58;5;263;54;4;0;0;0;0;0;0;2;47;9;0;0;0;0;0;0;0
Belgique;CARDIOLOGIE;113;46;67;0;25;21;0;0;0;0;0;0;0;0;36;29;1;0;1;0;0;0;0
Belgique;MEDECINE PHYSIQUE ET READAPTATION;78;40;38;0;33;7;0;0;0;0;0;0;0;0;33;5;0;0;0;0;0;0;0
Belgique;BIOLOGIE CLINIQUE;54;34;20;0;17;12;3;2;0;0;0;0;0;0;16;3;1;0;0;0;0;0;0
Belgique;RADIODIAGNOSTIC;243;91;152;1;69;19;1;1;0;0;0;0;0;5;121;22;2;2;0;0;0;0;0
Belgique;RADIOTHERAPIE-ONCOLOGIE;45;29;16;0;19;7;1;2;0;0;0;0;0;0;12;3;1;0;0;0;0;0;0
Belgique;PSYCHIATRIE, PARTICULIEREMENT PSYCHIATRIE INFANTO-JUVENILE;93;76;17;1;57;10;6;1;1;0;0;0;0;0;16;0;0;0;1;0;0;0;0
Belgique;MEDECINE NUCLEAIRE;40;16;24;0;11;5;0;0;0;0;0;0;0;0;18;6;0;0;0;0;0;0;0
Belgique;ANATOMIE PATHOLOGIQUE;56;38;18;0;25;11;2;0;0;0;0;0;0;1;14;1;0;0;1;1;0;0;0
Belgique;MEDECINE INTERNE;591;339;252;2;309;25;2;1;0;0;0;0;0;2;230;19;1;0;0;0;0;0;0
Belgique;RHUMATOLOGIE;28;18;10;0;7;11;0;0;0;0;0;0;0;0;4;5;1;0;0;0;0;0;0
Belgique;PSYCHIATRIE, PARTICULIEREMENT PSYCHIATRIE DE L'ADULTE;188;118;70;0;94;21;1;0;1;1;0;0;0;1;46;14;4;3;2;0;0;0;0
Belgique;MEDECINE LEGALE;4;3;1;0;3;0;0;0;0;0;0;0;0;0;1;0;0;0;0;0;0;0;0
Belgique;MEDECINE D'URGENCE;283;156;127;4;102;42;4;1;2;1;0;0;0;0;83;29;5;6;4;0;0;0;0
Belgique;MEDECINE AIGUE;44;23;21;0;16;2;3;1;1;0;0;0;0;0;14;3;2;0;1;0;0;1;0
Belgique;GERIATRIE;86;73;13;2;43;22;2;3;1;0;0;0;0;0;9;4;0;0;0;0;0;0;0
Belgique;ONCOLOGIE MEDICALE;52;39;13;0;19;19;1;0;0;0;0;0;0;0;8;5;0;0;0;0;0;0;0
Région Flandre;MEDECINE DU TRAVAIL;29;17;12;0;8;3;2;1;2;1;0;0;0;0;3;1;0;1;0;1;3;2;1
Région Flandre;ANESTHESIE-REANIMATION;302;149;153;2;111;32;3;1;0;0;0;0;0;0;126;22;3;1;0;1;0;0;0
Région Flandre;CHIRURGIE;186;88;98;1;68;18;0;1;0;0;0;0;0;0;76;19;3;0;0;0;0;0;0
Région Flandre;NEUROCHIRURGIE;33;9;24;0;5;4;0;0;0;0;0;0;0;0;16;8;0;0;0;0;0;0;0
Région Flandre;CHIRURGIE PLASTIQUE, RECONSTRUCTRICE ET ESTHETIQUE;25;13;12;0;9;4;0;0;0;0;0;0;0;0;9;3;0;0;0;0;0;0;0
Région Flandre;NEUROLOGIE;74;51;23;2;44;5;0;0;0;0;0;0;0;0;17;5;0;0;1;0;0;0;0
Région Flandre;GYNECOLOGIE-OBSTETRIQUE;169;150;19;2;129;17;2;0;0;0;0;0;0;0;18;1;0;0;0;0;0;0;0
Région Flandre;OPHTALMOLOGIE;59;47;12;0;44;3;0;0;0;0;0;0;0;0;12;0;0;0;0;0;0;0;0
Région Flandre;OTO-RHINO-LARYNGOLOGIE;56;49;7;1;41;7;0;0;0;0;0;0;0;0;7;0;0;0;0;0;0;0;0
Région Flandre;UROLOGIE;75;32;43;0;29;3;0;0;0;0;0;0;0;0;29;14;0;0;0;0;0;0;0
Région Flandre;CHIRURGIE ORTHOPEDIQUE;133;37;96;0;32;5;0;0;0;0;0;0;0;1;65;25;5;0;0;0;0;0;0
Région Flandre;STOMATOLOGIE;23;6;17;0;4;2;0;0;0;0;0;0;0;0;15;2;0;0;0;0;0;0;0
Région Flandre;DERMATO-VENEREOLOGIE;46;37;9;0;32;4;1;0;0;0;0;0;0;0;7;1;1;0;0;0;0;0;0
Région Flandre;PNEUMOLOGIE;40;27;13;0;15;12;0;0;0;0;0;0;0;0;4;9;0;0;0;0;0;0;0
Région Flandre;GASTRO-ENTEROLOGIE;49;29;20;0;13;15;1;0;0;0;0;0;0;0;11;9;0;0;0;0;0;0;0
Région Flandre;PEDIATRIE;176;147;29;2;122;21;2;0;0;0;0;0;0;1;22;6;0;0;0;0;0;0;0
Région Flandre;CARDIOLOGIE;65;22;43;0;12;10;0;0;0;0;0;0;0;0;23;19;1;0;0;0;0;0;0
Région Flandre;MEDECINE PHYSIQUE ET READAPTATION;50;25;25;0;21;4;0;0;0;0;0;0;0;0;23;2;0;0;0;0;0;0;0
Région Flandre;BIOLOGIE CLINIQUE;33;22;11;0;13;6;2;1;0;0;0;0;0;0;10;1;0;0;0;0;0;0;0
Région Flandre;RADIODIAGNOSTIC;131;47;84;1;37;8;0;1;0;0;0;0;0;1;73;10;0;0;0;0;0;0;0
Région Flandre;RADIOTHERAPIE-ONCOLOGIE;22;14;8;0;12;1;0;1;0;0;0;0;0;0;7;1;0;0;0;0;0;0;0
Région Flandre;PSYCHIATRIE, PARTICULIEREMENT PSYCHIATRIE INFANTO-JUVENILE;52;46;6;1;39;3;3;0;0;0;0;0;0;0;6;0;0;0;0;0;0;0;0
Région Flandre;MEDECINE NUCLEAIRE;24;9;15;0;8;1;0;0;0;0;0;0;0;0;12;3;0;0;0;0;0;0;0
Région Flandre;ANATOMIE PATHOLOGIQUE;30;19;11;0;13;4;2;0;0;0;0;0;0;0;9;1;0;0;1;0;0;0;0
Région Flandre;MEDECINE INTERNE;338;183;155;0;168;13;1;1;0;0;0;0;0;0;143;12;0;0;0;0;0;0;0
Région Flandre;RHUMATOLOGIE;16;11;5;0;4;7;0;0;0;0;0;0;0;0;0;5;0;0;0;0;0;0;0
Région Flandre;PSYCHIATRIE, PARTICULIEREMENT PSYCHIATRIE DE L'ADULTE;106;67;39;0;54;11;0;0;1;1;0;0;0;0;27;7;2;2;1;0;0;0;0
Région Flandre;MEDECINE LEGALE;2;2;0;0;2;0;0;0;0;0;0;0;0;0;0;0;0;0;0;0;0;0;0
Région Flandre;MEDECINE D'URGENCE;133;78;55;0;52;21;2;1;1;1;0;0;0;0;44;9;0;2;0;0;0;0;0
Région Flandre;MEDECINE AIGUE;38;22;16;0;15;2;3;1;1;0;0;0;0;0;11;2;1;0;1;0;0;1;0
Région Flandre;GERIATRIE;34;26;8;1;13;11;1;0;0;0;0;0;0;0;5;3;0;0;0;0;0;0;0
Région Flandre;ONCOLOGIE MEDICALE;29;21;8;0;12;8;1;0;0;0;0;0;0;0;5;3;0;0;0;0;0;0;0
Région Wallonie;MEDECINE DU TRAVAIL;36;21;15;0;6;7;3;1;2;1;0;1;0;0;1;3;3;2;4;1;1;0;0
Région Wallonie;ANESTHESIE-REANIMATION;121;43;78;0;32;11;0;0;0;0;0;0;0;1;62;14;1;0;0;0;0;0;0
Région Wallonie;CHIRURGIE;71;39;32;0;31;6;2;0;0;0;0;0;0;2;18;10;2;0;0;0;0;0;0
Région Wallonie;NEUROCHIRURGIE;18;5;13;0;4;1;0;0;0;0;0;0;0;0;10;3;0;0;0;0;0;0;0
Région Wallonie;CHIRURGIE PLASTIQUE, RECONSTRUCTRICE ET ESTHETIQUE;8;3;5;0;2;1;0;0;0;0;0;0;0;0;3;2;0;0;0;0;0;0;0
Région Wallonie;NEUROLOGIE;30;16;14;2;10;4;0;0;0;0;0;0;0;0;10;4;0;0;0;0;0;0;0
Région Wallonie;GYNECOLOGIE-OBSTETRIQUE;72;65;7;3;53;8;0;1;0;0;0;0;0;0;7;0;0;0;0;0;0;0;0
Région Wallonie;OPHTALMOLOGIE;32;18;14;0;17;1;0;0;0;0;0;0;0;2;12;0;0;0;0;0;0;0;0
Région Wallonie;OTO-RHINO-LARYNGOLOGIE;22;14;8;0;13;1;0;0;0;0;0;0;0;0;7;0;1;0;0;0;0;0;0
Région Wallonie;UROLOGIE;20;7;13;0;5;2;0;0;0;0;0;0;0;0;10;3;0;0;0;0;0;0;0
Région Wallonie;CHIRURGIE ORTHOPEDIQUE;49;15;34;0;12;3;0;0;0;0;0;0;0;0;23;10;0;1;0;0;0;0;0
Région Wallonie;STOMATOLOGIE;8;2;6;0;1;1;0;0;0;0;0;0;0;0;4;2;0;0;0;0;0;0;0
Région Wallonie;DERMATO-VENEREOLOGIE;20;19;1;0;18;1;0;0;0;0;0;0;0;0;1;0;0;0;0;0;0;0;0
Région Wallonie;PNEUMOLOGIE;24;12;12;0;7;5;0;0;0;0;0;0;0;0;9;3;0;0;0;0;0;0;0
Région Wallonie;GASTRO-ENTEROLOGIE;24;15;9;0;11;4;0;0;0;0;0;0;0;0;5;3;0;1;0;0;0;0;0
Région Wallonie;PEDIATRIE;115;106;9;1;85;20;0;0;0;0;0;0;0;0;9;0;0;0;0;0;0;0;0
Région Wallonie;CARDIOLOGIE;29;18;11;0;9;9;0;0;0;0;0;0;0;0;9;2;0;0;0;0;0;0;0
Région Wallonie;MEDECINE PHYSIQUE ET READAPTATION;19;8;11;0;7;1;0;0;0;0;0;0;0;0;9;2;0;0;0;0;0;0;0
Région Wallonie;BIOLOGIE CLINIQUE;11;6;5;0;1;3;1;1;0;0;0;0;0;0;5;0;0;0;0;0;0;0;0
Région Wallonie;RADIODIAGNOSTIC;55;17;38;0;13;4;0;0;0;0;0;0;0;3;28;7;0;0;0;0;0;0;0
Région Wallonie;RADIOTHERAPIE-ONCOLOGIE;9;5;4;0;3;2;0;0;0;0;0;0;0;0;3;1;0;0;0;0;0;0;0
Région Wallonie;PSYCHIATRIE, PARTICULIEREMENT PSYCHIATRIE INFANTO-JUVENILE;18;13;5;0;8;1;2;1;1;0;0;0;0;0;4;0;0;0;1;0;0;0;0
Région Wallonie;MEDECINE NUCLEAIRE;6;3;3;0;3;0;0;0;0;0;0;0;0;0;3;0;0;0;0;0;0;0;0
Région Wallonie;ANATOMIE PATHOLOGIQUE;13;8;5;0;6;2;0;0;0;0;0;0;0;1;3;0;0;0;0;1;0;0;0
Région Wallonie;MEDECINE INTERNE;134;89;45;1;83;4;1;0;0;0;0;0;0;2;41;1;1;0;0;0;0;0;0
Région Wallonie;RHUMATOLOGIE;6;4;2;0;2;2;0;0;0;0;0;0;0;0;2;0;0;0;0;0;0;0;0
Région Wallonie;PSYCHIATRIE, PARTICULIEREMENT PSYCHIATRIE DE L'ADULTE;38;25;13;0;19;5;1;0;0;0;0;0;0;1;11;1;0;0;0;0;0;0;0
Région Wallonie;MEDECINE D'URGENCE;97;47;50;3;35;9;0;0;0;0;0;0;0;0;26;12;4;4;4;0;0;0;0
Région Wallonie;MEDECINE AIGUE;1;0;1;0;0;0;0;0;0;0;0;0;0;0;1;0;0;0;0;0;0;0;0
Région Wallonie;GERIATRIE;36;34;2;1;22;7;0;3;1;0;0;0;0;0;2;0;0;0;0;0;0;0;0
Région Wallonie;ONCOLOGIE MEDICALE;14;11;3;0;6;5;0;0;0;0;0;0;0;0;2;1;0;0;0;0;0;0;0
Région Région de Bruxelles-capitale;MEDECINE DU TRAVAIL;14;10;4;0;0;2;5;2;1;0;0;0;0;0;0;2;1;1;0;0;0;0;0
Région Région de Bruxelles-capitale;ANESTHESIE-REANIMATION;113;50;63;0;32;16;1;1;0;0;0;0;0;1;35;22;4;1;0;0;0;0;0
Région Région de Bruxelles-capitale;CHIRURGIE;65;34;31;0;27;7;0;0;0;0;0;0;0;0;19;10;2;0;0;0;0;0;0
Région Région de Bruxelles-capitale;NEUROCHIRURGIE;8;3;5;0;1;1;1;0;0;0;0;0;0;0;2;2;1;0;0;0;0;0;0
Région Région de Bruxelles-capitale;CHIRURGIE PLASTIQUE, RECONSTRUCTRICE ET ESTHETIQUE;11;6;5;0;2;3;1;0;0;0;0;0;0;0;1;3;1;0;0;0;0;0;0
Région Région de Bruxelles-capitale;NEUROLOGIE;27;19;8;0;14;4;1;0;0;0;0;0;0;0;7;1;0;0;0;0;0;0;0
Région Région de Bruxelles-capitale;GYNECOLOGIE-OBSTETRIQUE;63;57;6;0;47;10;0;0;0;0;0;0;0;0;2;3;1;0;0;0;0;0;0
Région Région de Bruxelles-capitale;OPHTALMOLOGIE;26;19;7;1;12;5;1;0;0;0;0;0;0;0;6;1;0;0;0;0;0;0;0
Région Région de Bruxelles-capitale;OTO-RHINO-LARYNGOLOGIE;12;10;2;0;9;1;0;0;0;0;0;0;0;0;1;1;0;0;0;0;0;0;0
Région Région de Bruxelles-capitale;UROLOGIE;15;3;12;0;3;0;0;0;0;0;0;0;0;0;8;4;0;0;0;0;0;0;0
Région Région de Bruxelles-capitale;CHIRURGIE ORTHOPEDIQUE;37;7;30;0;5;2;0;0;0;0;0;0;0;1;20;8;1;0;0;0;0;0;0
Région Région de Bruxelles-capitale;STOMATOLOGIE;10;4;6;0;4;0;0;0;0;0;0;0;0;0;5;1;0;0;0;0;0;0;0
Région Région de Bruxelles-capitale;DERMATO-VENEREOLOGIE;16;14;2;0;10;4;0;0;0;0;0;0;0;0;1;1;0;0;0;0;0;0;0
Région Région de Bruxelles-capitale;PNEUMOLOGIE;9;6;3;0;2;3;1;0;0;0;0;0;0;0;2;1;0;0;0;0;0;0;0
Région Région de Bruxelles-capitale;GASTRO-ENTEROLOGIE;19;13;6;0;6;6;1;0;0;0;0;0;0;0;2;3;0;1;0;0;0;0;0
Région Région de Bruxelles-capitale;PEDIATRIE;93;73;20;2;56;13;2;0;0;0;0;0;0;1;16;3;0;0;0;0;0;0;0
Région Région de Bruxelles-capitale;CARDIOLOGIE;19;6;13;0;4;2;0;0;0;0;0;0;0;0;4;8;0;0;1;0;0;0;0
Région Région de Bruxelles-capitale;MEDECINE PHYSIQUE ET READAPTATION;9;7;2;0;5;2;0;0;0;0;0;0;0;0;1;1;0;0;0;0;0;0;0
Région Région de Bruxelles-capitale;BIOLOGIE CLINIQUE;10;6;4;0;3;3;0;0;0;0;0;0;0;0;1;2;1;0;0;0;0;0;0
Région Région de Bruxelles-capitale;RADIODIAGNOSTIC;57;27;30;0;19;7;1;0;0;0;0;0;0;1;20;5;2;2;0;0;0;0;0
Région Région de Bruxelles-capitale;RADIOTHERAPIE-ONCOLOGIE;14;10;4;0;4;4;1;1;0;0;0;0;0;0;2;1;1;0;0;0;0;0;0
Région Région de Bruxelles-capitale;PSYCHIATRIE, PARTICULIEREMENT PSYCHIATRIE INFANTO-JUVENILE;23;17;6;0;10;6;1;0;0;0;0;0;0;0;6;0;0;0;0;0;0;0;0
Région Région de Bruxelles-capitale;MEDECINE NUCLEAIRE;10;4;6;0;0;4;0;0;0;0;0;0;0;0;3;3;0;0;0;0;0;0;0
Région Région de Bruxelles-capitale;ANATOMIE PATHOLOGIQUE;13;11;2;0;6;5;0;0;0;0;0;0;0;0;2;0;0;0;0;0;0;0;0
Région Région de Bruxelles-capitale;MEDECINE INTERNE;119;67;52;1;58;8;0;0;0;0;0;0;0;0;46;6;0;0;0;0;0;0;0
Région Région de Bruxelles-capitale;RHUMATOLOGIE;6;3;3;0;1;2;0;0;0;0;0;0;0;0;2;0;1;0;0;0;0;0;0
Région Région de Bruxelles-capitale;PSYCHIATRIE, PARTICULIEREMENT PSYCHIATRIE DE L'ADULTE;44;26;18;0;21;5;0;0;0;0;0;0;0;0;8;6;2;1;1;0;0;0;0
Région Région de Bruxelles-capitale;MEDECINE LEGALE;2;1;1;0;1;0;0;0;0;0;0;0;0;0;1;0;0;0;0;0;0;0;0
Région Région de Bruxelles-capitale;MEDECINE D'URGENCE;53;31;22;1;15;12;2;0;1;0;0;0;0;0;13;8;1;0;0;0;0;0;0
Région Région de Bruxelles-capitale;MEDECINE AIGUE;5;1;4;0;1;0;0;0;0;0;0;0;0;0;2;1;1;0;0;0;0;0;0
Région Région de Bruxelles-capitale;GERIATRIE;16;13;3;0;8;4;1;0;0;0;0;0;0;0;2;1;0;0;0;0;0;0;0
Région Région de Bruxelles-capitale;ONCOLOGIE MEDICALE;9;7;2;0;1;6;0;0;0;0;0;0;0;0;1;1;0;0;0;0;0;0;0
Prov Brabant flamand;MEDECINE DU TRAVAIL;15;10;5;0;6;0;2;1;1;0;0;0;0;0;0;0;0;0;0;1;3;1;0
Prov Brabant flamand;ANESTHESIE-REANIMATION;104;51;53;0;40;9;1;1;0;0;0;0;0;0;39;11;2;0;0;1;0;0;0
Prov Brabant flamand;CHIRURGIE;50;22;28;0;17;5;0;0;0;0;0;0;0;0;18;9;1;0;0;0;0;0;0
Prov Brabant flamand;NEUROCHIRURGIE;11;1;10;0;1;0;0;0;0;0;0;0;0;0;8;2;0;0;0;0;0;0;0
Prov Brabant flamand;CHIRURGIE PLASTIQUE, RECONSTRUCTRICE ET ESTHETIQUE;7;4;3;0;3;1;0;0;0;0;0;0;0;0;3;0;0;0;0;0;0;0;0
Prov Brabant flamand;NEUROLOGIE;30;24;6;0;20;4;0;0;0;0;0;0;0;0;3;2;0;0;1;0;0;0;0
Prov Brabant flamand;GYNECOLOGIE-OBSTETRIQUE;44;40;4;0;34;5;1;0;0;0;0;0;0;0;3;1;0;0;0;0;0;0;0
Prov Brabant flamand;OPHTALMOLOGIE;21;18;3;0;16;2;0;0;0;0;0;0;0;0;3;0;0;0;0;0;0;0;0
Prov Brabant flamand;OTO-RHINO-LARYNGOLOGIE;18;16;2;0;15;1;0;0;0;0;0;0;0;0;2;0;0;0;0;0;0;0;0
Prov Brabant flamand;UROLOGIE;16;5;11;0;5;0;0;0;0;0;0;0;0;0;6;5;0;0;0;0;0;0;0
Prov Brabant flamand;CHIRURGIE ORTHOPEDIQUE;37;11;26;0;9;2;0;0;0;0;0;0;0;0;18;8;0;0;0;0;0;0;0
Prov Brabant flamand;STOMATOLOGIE;12;3;9;0;1;2;0;0;0;0;0;0;0;0;8;1;0;0;0;0;0;0;0
Prov Brabant flamand;DERMATO-VENEREOLOGIE;19;15;4;0;14;1;0;0;0;0;0;0;0;0;2;1;1;0;0;0;0;0;0
Prov Brabant flamand;PNEUMOLOGIE;14;10;4;0;5;5;0;0;0;0;0;0;0;0;1;3;0;0;0;0;0;0;0
Prov Brabant flamand;GASTRO-ENTEROLOGIE;13;8;5;0;2;6;0;0;0;0;0;0;0;0;3;2;0;0;0;0;0;0;0
Prov Brabant flamand;PEDIATRIE;58;48;10;1;41;6;0;0;0;0;0;0;0;0;7;3;0;0;0;0;0;0;0
Prov Brabant flamand;CARDIOLOGIE;23;5;18;0;3;2;0;0;0;0;0;0;0;0;7;10;1;0;0;0;0;0;0
Prov Brabant flamand;MEDECINE PHYSIQUE ET READAPTATION;15;10;5;0;10;0;0;0;0;0;0;0;0;0;5;0;0;0;0;0;0;0;0
Prov Brabant flamand;BIOLOGIE CLINIQUE;13;9;4;0;6;2;0;1;0;0;0;0;0;0;4;0;0;0;0;0;0;0;0
Prov Brabant flamand;RADIODIAGNOSTIC;38;14;24;0;10;4;0;0;0;0;0;0;0;1;18;5;0;0;0;0;0;0;0
Prov Brabant flamand;RADIOTHERAPIE-ONCOLOGIE;13;10;3;0;9;1;0;0;0;0;0;0;0;0;3;0;0;0;0;0;0;0;0
Prov Brabant flamand;PSYCHIATRIE, PARTICULIEREMENT PSYCHIATRIE INFANTO-JUVENILE;19;18;1;1;16;1;0;0;0;0;0;0;0;0;1;0;0;0;0;0;0;0;0
Prov Brabant flamand;MEDECINE NUCLEAIRE;8;3;5;0;3;0;0;0;0;0;0;0;0;0;4;1;0;0;0;0;0;0;0
Prov Brabant flamand;ANATOMIE PATHOLOGIQUE;9;5;4;0;4;1;0;0;0;0;0;0;0;0;3;0;0;0;1;0;0;0;0
Prov Brabant flamand;MEDECINE INTERNE;100;50;50;0;44;5;0;1;0;0;0;0;0;0;45;5;0;0;0;0;0;0;0
Prov Brabant flamand;RHUMATOLOGIE;5;3;2;0;1;2;0;0;0;0;0;0;0;0;0;2;0;0;0;0;0;0;0
Prov Brabant flamand;PSYCHIATRIE, PARTICULIEREMENT PSYCHIATRIE DE L'ADULTE;34;20;14;0;18;1;0;0;1;0;0;0;0;0;11;3;0;0;0;0;0;0;0
Prov Brabant flamand;MEDECINE D'URGENCE;33;19;14;0;11;8;0;0;0;0;0;0;0;0;12;1;0;1;0;0;0;0;0
Prov Brabant flamand;MEDECINE AIGUE;15;10;5;0;6;2;1;0;1;0;0;0;0;0;4;0;1;0;0;0;0;0;0
Prov Brabant flamand;GERIATRIE;12;9;3;1;4;4;0;0;0;0;0;0;0;0;3;0;0;0;0;0;0;0;0
Prov Brabant flamand;ONCOLOGIE MEDICALE;12;8;4;0;4;4;0;0;0;0;0;0;0;0;3;1;0;0;0;0;0;0;0
Prov Flandre occidentale;MEDECINE DU TRAVAIL;3;2;1;0;1;0;0;0;1;0;0;0;0;0;0;1;0;0;0;0;0;0;0
Prov Flandre occidentale;ANESTHESIE-REANIMATION;28;13;15;2;8;3;0;0;0;0;0;0;0;0;14;1;0;0;0;0;0;0;0
Prov Flandre occidentale;CHIRURGIE;16;10;6;0;7;3;0;0;0;0;0;0;0;0;5;1;0;0;0;0;0;0;0
Prov Flandre occidentale;NEUROCHIRURGIE;4;0;4;0;0;0;0;0;0;0;0;0;0;0;3;1;0;0;0;0;0;0;0
Prov Flandre occidentale;CHIRURGIE PLASTIQUE, RECONSTRUCTRICE ET ESTHETIQUE;2;1;1;0;0;1;0;0;0;0;0;0;0;0;1;0;0;0;0;0;0;0;0
Prov Flandre occidentale;NEUROLOGIE;7;5;2;0;5;0;0;0;0;0;0;0;0;0;2;0;0;0;0;0;0;0;0
Prov Flandre occidentale;GYNECOLOGIE-OBSTETRIQUE;25;22;3;0;19;3;0;0;0;0;0;0;0;0;3;0;0;0;0;0;0;0;0
Prov Flandre occidentale;OPHTALMOLOGIE;3;3;0;0;3;0;0;0;0;0;0;0;0;0;0;0;0;0;0;0;0;0;0
Prov Flandre occidentale;OTO-RHINO-LARYNGOLOGIE;7;6;1;0;6;0;0;0;0;0;0;0;0;0;1;0;0;0;0;0;0;0;0
Prov Flandre occidentale;UROLOGIE;9;6;3;0;5;1;0;0;0;0;0;0;0;0;2;1;0;0;0;0;0;0;0
Prov Flandre occidentale;CHIRURGIE ORTHOPEDIQUE;19;6;13;0;5;1;0;0;0;0;0;0;0;0;11;1;1;0;0;0;0;0;0
Prov Flandre occidentale;STOMATOLOGIE;4;1;3;0;1;0;0;0;0;0;0;0;0;0;3;0;0;0;0;0;0;0;0
Prov Flandre occidentale;DERMATO-VENEREOLOGIE;2;2;0;0;2;0;0;0;0;0;0;0;0;0;0;0;0;0;0;0;0;0;0
Prov Flandre occidentale;PNEUMOLOGIE;2;1;1;0;1;0;0;0;0;0;0;0;0;0;1;0;0;0;0;0;0;0;0
Prov Flandre occidentale;GASTRO-ENTEROLOGIE;3;1;2;0;0;1;0;0;0;0;0;0;0;0;1;1;0;0;0;0;0;0;0
Prov Flandre occidentale;PEDIATRIE;19;19;0;0;17;2;0;0;0;0;0;0;0;0;0;0;0;0;0;0;0;0;0
Prov Flandre occidentale;CARDIOLOGIE;4;1;3;0;1;0;0;0;0;0;0;0;0;0;2;1;0;0;0;0;0;0;0
Prov Flandre occidentale;MEDECINE PHYSIQUE ET READAPTATION;10;6;4;0;5;1;0;0;0;0;0;0;0;0;3;1;0;0;0;0;0;0;0
Prov Flandre occidentale;BIOLOGIE CLINIQUE;2;0;2;0;0;0;0;0;0;0;0;0;0;0;2;0;0;0;0;0;0;0;0
Prov Flandre occidentale;RADIODIAGNOSTIC;25;7;18;1;6;0;0;0;0;0;0;0;0;0;16;2;0;0;0;0;0;0;0
Prov Flandre occidentale;RADIOTHERAPIE-ONCOLOGIE;1;1;0;0;1;0;0;0;0;0;0;0;0;0;0;0;0;0;0;0;0;0;0
Prov Flandre occidentale;PSYCHIATRIE, PARTICULIEREMENT PSYCHIATRIE INFANTO-JUVENILE;6;4;2;0;4;0;0;0;0;0;0;0;0;0;2;0;0;0;0;0;0;0;0
Prov Flandre occidentale;MEDECINE NUCLEAIRE;2;1;1;0;1;0;0;0;0;0;0;0;0;0;1;0;0;0;0;0;0;0;0
Prov Flandre occidentale;ANATOMIE PATHOLOGIQUE;5;3;2;0;3;0;0;0;0;0;0;0;0;0;2;0;0;0;0;0;0;0;0
Prov Flandre occidentale;MEDECINE INTERNE;34;18;16;0;18;0;0;0;0;0;0;0;0;0;16;0;0;0;0;0;0;0;0
Prov Flandre occidentale;RHUMATOLOGIE;1;1;0;0;0;1;0;0;0;0;0;0;0;0;0;0;0;0;0;0;0;0;0
Prov Flandre occidentale;PSYCHIATRIE, PARTICULIEREMENT PSYCHIATRIE DE L'ADULTE;12;8;4;0;7;1;0;0;0;0;0;0;0;0;3;1;0;0;0;0;0;0;0
Prov Flandre occidentale;MEDECINE LEGALE;1;1;0;0;1;0;0;0;0;0;0;0;0;0;0;0;0;0;0;0;0;0;0
Prov Flandre occidentale;MEDECINE D'URGENCE;17;10;7;0;8;1;1;0;0;0;0;0;0;0;5;1;0;1;0;0;0;0;0
Prov Flandre occidentale;MEDECINE AIGUE;6;6;0;0;4;0;2;0;0;0;0;0;0;0;0;0;0;0;0;0;0;0;0
Prov Flandre occidentale;GERIATRIE;6;4;2;0;2;2;0;0;0;0;0;0;0;0;1;1;0;0;0;0;0;0;0
Prov Flandre occidentale;ONCOLOGIE MEDICALE;1;1;0;0;0;0;1;0;0;0;0;0;0;0;0;0;0;0;0;0;0;0;0
Prov Flandre orientale;MEDECINE DU TRAVAIL;5;3;2;0;0;2;0;0;0;1;0;0;0;0;1;0;0;0;0;0;0;1;0
Prov Flandre orientale;ANESTHESIE-REANIMATION;65;26;39;0;17;7;2;0;0;0;0;0;0;0;36;2;1;0;0;0;0;0;0
Prov Flandre orientale;CHIRURGIE;49;23;26;1;18;3;0;1;0;0;0;0;0;0;22;3;1;0;0;0;0;0;0
Prov Flandre orientale;NEUROCHIRURGIE;5;1;4;0;0;1;0;0;0;0;0;0;0;0;2;2;0;0;0;0;0;0;0
Prov Flandre orientale;CHIRURGIE PLASTIQUE, RECONSTRUCTRICE ET ESTHETIQUE;7;2;5;0;1;1;0;0;0;0;0;0;0;0;3;2;0;0;0;0;0;0;0
Prov Flandre orientale;NEUROLOGIE;17;10;7;2;8;0;0;0;0;0;0;0;0;0;4;3;0;0;0;0;0;0;0
Prov Flandre orientale;GYNECOLOGIE-OBSTETRIQUE;41;38;3;1;32;4;1;0;0;0;0;0;0;0;3;0;0;0;0;0;0;0;0
Prov Flandre orientale;OPHTALMOLOGIE;12;10;2;0;10;0;0;0;0;0;0;0;0;0;2;0;0;0;0;0;0;0;0
Prov Flandre orientale;OTO-RHINO-LARYNGOLOGIE;16;13;3;0;9;4;0;0;0;0;0;0;0;0;3;0;0;0;0;0;0;0;0
Prov Flandre orientale;UROLOGIE;27;8;19;0;6;2;0;0;0;0;0;0;0;0;13;6;0;0;0;0;0;0;0
Prov Flandre orientale;CHIRURGIE ORTHOPEDIQUE;32;6;26;0;6;0;0;0;0;0;0;0;0;0;19;5;2;0;0;0;0;0;0
Prov Flandre orientale;STOMATOLOGIE;3;0;3;0;0;0;0;0;0;0;0;0;0;0;2;1;0;0;0;0;0;0;0
Prov Flandre orientale;DERMATO-VENEREOLOGIE;14;13;1;0;11;1;1;0;0;0;0;0;0;0;1;0;0;0;0;0;0;0;0
Prov Flandre orientale;PNEUMOLOGIE;12;11;1;0;7;4;0;0;0;0;0;0;0;0;0;1;0;0;0;0;0;0;0
Prov Flandre orientale;GASTRO-ENTEROLOGIE;18;13;5;0;7;5;1;0;0;0;0;0;0;0;4;1;0;0;0;0;0;0;0
Prov Flandre orientale;PEDIATRIE;46;39;7;0;33;5;1;0;0;0;0;0;0;0;6;1;0;0;0;0;0;0;0
Prov Flandre orientale;CARDIOLOGIE;14;8;6;0;3;5;0;0;0;0;0;0;0;0;3;3;0;0;0;0;0;0;0
Prov Flandre orientale;MEDECINE PHYSIQUE ET READAPTATION;18;7;11;0;4;3;0;0;0;0;0;0;0;0;10;1;0;0;0;0;0;0;0
Prov Flandre orientale;BIOLOGIE CLINIQUE;7;5;2;0;2;2;1;0;0;0;0;0;0;0;2;0;0;0;0;0;0;0;0
Prov Flandre orientale;RADIODIAGNOSTIC;34;16;18;0;14;2;0;0;0;0;0;0;0;0;17;1;0;0;0;0;0;0;0
Prov Flandre orientale;RADIOTHERAPIE-ONCOLOGIE;6;3;3;0;2;0;0;1;0;0;0;0;0;0;2;1;0;0;0;0;0;0;0
Prov Flandre orientale;PSYCHIATRIE, PARTICULIEREMENT PSYCHIATRIE INFANTO-JUVENILE;12;10;2;0;8;1;1;0;0;0;0;0;0;0;2;0;0;0;0;0;0;0;0
Prov Flandre orientale;MEDECINE NUCLEAIRE;5;2;3;0;2;0;0;0;0;0;0;0;0;0;2;1;0;0;0;0;0;0;0
Prov Flandre orientale;ANATOMIE PATHOLOGIQUE;9;7;2;0;3;3;1;0;0;0;0;0;0;0;2;0;0;0;0;0;0;0;0
Prov Flandre orientale;MEDECINE INTERNE;94;48;46;0;43;4;1;0;0;0;0;0;0;0;43;3;0;0;0;0;0;0;0
Prov Flandre orientale;RHUMATOLOGIE;5;3;2;0;1;2;0;0;0;0;0;0;0;0;0;2;0;0;0;0;0;0;0
Prov Flandre orientale;PSYCHIATRIE, PARTICULIEREMENT PSYCHIATRIE DE L'ADULTE;23;17;6;0;14;3;0;0;0;0;0;0;0;0;5;0;0;1;0;0;0;0;0
Prov Flandre orientale;MEDECINE D'URGENCE;33;19;14;0;13;4;1;1;0;0;0;0;0;0;12;2;0;0;0;0;0;0;0
Prov Flandre orientale;MEDECINE AIGUE;3;0;3;0;0;0;0;0;0;0;0;0;0;0;2;0;0;0;0;0;0;1;0
Prov Flandre orientale;GERIATRIE;8;7;1;0;2;4;1;0;0;0;0;0;0;0;0;1;0;0;0;0;0;0;0
Prov Flandre orientale;ONCOLOGIE MEDICALE;10;8;2;0;4;4;0;0;0;0;0;0;0;0;2;0;0;0;0;0;0;0;0
Prov Anvers;MEDECINE DU TRAVAIL;5;2;3;0;1;1;0;0;0;0;0;0;0;0;2;0;0;0;0;0;0;0;1
Prov Anvers;ANESTHESIE-REANIMATION;86;52;34;0;39;13;0;0;0;0;0;0;0;0;27;6;0;1;0;0;0;0;0
Prov Anvers;CHIRURGIE;55;26;29;0;20;6;0;0;0;0;0;0;0;0;23;5;1;0;0;0;0;0;0
Prov Anvers;NEUROCHIRURGIE;10;5;5;0;4;1;0;0;0;0;0;0;0;0;2;3;0;0;0;0;0;0;0
Prov Anvers;CHIRURGIE PLASTIQUE, RECONSTRUCTRICE ET ESTHETIQUE;7;4;3;0;3;1;0;0;0;0;0;0;0;0;2;1;0;0;0;0;0;0;0
Prov Anvers;NEUROLOGIE;16;9;7;0;8;1;0;0;0;0;0;0;0;0;7;0;0;0;0;0;0;0;0
Prov Anvers;GYNECOLOGIE-OBSTETRIQUE;42;35;7;1;29;5;0;0;0;0;0;0;0;0;7;0;0;0;0;0;0;0;0
Prov Anvers;OPHTALMOLOGIE;15;10;5;0;9;1;0;0;0;0;0;0;0;0;5;0;0;0;0;0;0;0;0
Prov Anvers;OTO-RHINO-LARYNGOLOGIE;12;12;0;1;9;2;0;0;0;0;0;0;0;0;0;0;0;0;0;0;0;0;0
Prov Anvers;UROLOGIE;16;11;5;0;11;0;0;0;0;0;0;0;0;0;3;2;0;0;0;0;0;0;0
Prov Anvers;CHIRURGIE ORTHOPEDIQUE;32;11;21;0;9;2;0;0;0;0;0;0;0;0;11;9;1;0;0;0;0;0;0
Prov Anvers;STOMATOLOGIE;2;1;1;0;1;0;0;0;0;0;0;0;0;0;1;0;0;0;0;0;0;0;0
Prov Anvers;DERMATO-VENEREOLOGIE;8;5;3;0;3;2;0;0;0;0;0;0;0;0;3;0;0;0;0;0;0;0;0
Prov Anvers;PNEUMOLOGIE;10;4;6;0;2;2;0;0;0;0;0;0;0;0;2;4;0;0;0;0;0;0;0
Prov Anvers;GASTRO-ENTEROLOGIE;13;6;7;0;3;3;0;0;0;0;0;0;0;0;3;4;0;0;0;0;0;0;0
Prov Anvers;PEDIATRIE;46;35;11;1;26;7;1;0;0;0;0;0;0;0;9;2;0;0;0;0;0;0;0
Prov Anvers;CARDIOLOGIE;20;6;14;0;4;2;0;0;0;0;0;0;0;0;10;4;0;0;0;0;0;0;0
Prov Anvers;MEDECINE PHYSIQUE ET READAPTATION;5;2;3;0;2;0;0;0;0;0;0;0;0;0;3;0;0;0;0;0;0;0;0
Prov Anvers;BIOLOGIE CLINIQUE;9;7;2;0;5;1;1;0;0;0;0;0;0;0;2;0;0;0;0;0;0;0;0
Prov Anvers;RADIODIAGNOSTIC;27;8;19;0;5;2;0;1;0;0;0;0;0;0;17;2;0;0;0;0;0;0;0
Prov Anvers;RADIOTHERAPIE-ONCOLOGIE;1;0;1;0;0;0;0;0;0;0;0;0;0;0;1;0;0;0;0;0;0;0;0
Prov Anvers;PSYCHIATRIE, PARTICULIEREMENT PSYCHIATRIE INFANTO-JUVENILE;13;12;1;0;9;1;2;0;0;0;0;0;0;0;1;0;0;0;0;0;0;0;0
Prov Anvers;MEDECINE NUCLEAIRE;6;1;5;0;1;0;0;0;0;0;0;0;0;0;4;1;0;0;0;0;0;0;0
Prov Anvers;ANATOMIE PATHOLOGIQUE;6;3;3;0;2;0;1;0;0;0;0;0;0;0;2;1;0;0;0;0;0;0;0
Prov Anvers;MEDECINE INTERNE;86;52;34;0;48;4;0;0;0;0;0;0;0;0;30;4;0;0;0;0;0;0;0
Prov Anvers;RHUMATOLOGIE;5;4;1;0;2;2;0;0;0;0;0;0;0;0;0;1;0;0;0;0;0;0;0
Prov Anvers;PSYCHIATRIE, PARTICULIEREMENT PSYCHIATRIE DE L'ADULTE;31;17;14;0;13;3;0;0;0;1;0;0;0;0;7;3;2;1;1;0;0;0;0
Prov Anvers;MEDECINE LEGALE;1;1;0;0;1;0;0;0;0;0;0;0;0;0;0;0;0;0;0;0;0;0;0
Prov Anvers;MEDECINE D'URGENCE;44;28;16;0;20;6;0;0;1;1;0;0;0;0;13;3;0;0;0;0;0;0;0
Prov Anvers;MEDECINE AIGUE;8;3;5;0;2;0;0;1;0;0;0;0;0;0;3;1;0;0;1;0;0;0;0
Prov Anvers;GERIATRIE;5;3;2;0;2;1;0;0;0;0;0;0;0;0;1;1;0;0;0;0;0;0;0
Prov Anvers;ONCOLOGIE MEDICALE;6;4;2;0;4;0;0;0;0;0;0;0;0;0;0;2;0;0;0;0;0;0;0
Prov Limbourg;MEDECINE DU TRAVAIL;1;0;1;0;0;0;0;0;0;0;0;0;0;0;0;0;0;1;0;0;0;0;0
Prov Limbourg;ANESTHESIE-REANIMATION;19;7;12;0;7;0;0;0;0;0;0;0;0;0;10;2;0;0;0;0;0;0;0
Prov Limbourg;CHIRURGIE;16;7;9;0;6;1;0;0;0;0;0;0;0;0;8;1;0;0;0;0;0;0;0
Prov Limbourg;NEUROCHIRURGIE;3;2;1;0;0;2;0;0;0;0;0;0;0;0;1;0;0;0;0;0;0;0;0
Prov Limbourg;CHIRURGIE PLASTIQUE, RECONSTRUCTRICE ET ESTHETIQUE;2;2;0;0;2;0;0;0;0;0;0;0;0;0;0;0;0;0;0;0;0;0;0
Prov Limbourg;NEUROLOGIE;4;3;1;0;3;0;0;0;0;0;0;0;0;0;1;0;0;0;0;0;0;0;0
Prov Limbourg;GYNECOLOGIE-OBSTETRIQUE;17;15;2;0;15;0;0;0;0;0;0;0;0;0;2;0;0;0;0;0;0;0;0
Prov Limbourg;OPHTALMOLOGIE;8;6;2;0;6;0;0;0;0;0;0;0;0;0;2;0;0;0;0;0;0;0;0
Prov Limbourg;OTO-RHINO-LARYNGOLOGIE;3;2;1;0;2;0;0;0;0;0;0;0;0;0;1;0;0;0;0;0;0;0;0
Prov Limbourg;UROLOGIE;7;2;5;0;2;0;0;0;0;0;0;0;0;0;5;0;0;0;0;0;0;0;0
Prov Limbourg;CHIRURGIE ORTHOPEDIQUE;13;3;10;0;3;0;0;0;0;0;0;0;0;1;6;2;1;0;0;0;0;0;0
Prov Limbourg;STOMATOLOGIE;2;1;1;0;1;0;0;0;0;0;0;0;0;0;1;0;0;0;0;0;0;0;0
Prov Limbourg;DERMATO-VENEREOLOGIE;3;2;1;0;2;0;0;0;0;0;0;0;0;0;1;0;0;0;0;0;0;0;0
Prov Limbourg;PNEUMOLOGIE;2;1;1;0;0;1;0;0;0;0;0;0;0;0;0;1;0;0;0;0;0;0;0
Prov Limbourg;GASTRO-ENTEROLOGIE;2;1;1;0;1;0;0;0;0;0;0;0;0;0;0;1;0;0;0;0;0;0;0
Prov Limbourg;PEDIATRIE;7;6;1;0;5;1;0;0;0;0;0;0;0;1;0;0;0;0;0;0;0;0;0
Prov Limbourg;CARDIOLOGIE;4;2;2;0;1;1;0;0;0;0;0;0;0;0;1;1;0;0;0;0;0;0;0
Prov Limbourg;MEDECINE PHYSIQUE ET READAPTATION;2;0;2;0;0;0;0;0;0;0;0;0;0;0;2;0;0;0;0;0;0;0;0
Prov Limbourg;BIOLOGIE CLINIQUE;2;1;1;0;0;1;0;0;0;0;0;0;0;0;0;1;0;0;0;0;0;0;0
Prov Limbourg;RADIODIAGNOSTIC;7;2;5;0;2;0;0;0;0;0;0;0;0;0;5;0;0;0;0;0;0;0;0
Prov Limbourg;RADIOTHERAPIE-ONCOLOGIE;1;0;1;0;0;0;0;0;0;0;0;0;0;0;1;0;0;0;0;0;0;0;0
Prov Limbourg;PSYCHIATRIE, PARTICULIEREMENT PSYCHIATRIE INFANTO-JUVENILE;2;2;0;0;2;0;0;0;0;0;0;0;0;0;0;0;0;0;0;0;0;0;0
Prov Limbourg;MEDECINE NUCLEAIRE;3;2;1;0;1;1;0;0;0;0;0;0;0;0;1;0;0;0;0;0;0;0;0
Prov Limbourg;ANATOMIE PATHOLOGIQUE;1;1;0;0;1;0;0;0;0;0;0;0;0;0;0;0;0;0;0;0;0;0;0
Prov Limbourg;MEDECINE INTERNE;24;15;9;0;15;0;0;0;0;0;0;0;0;0;9;0;0;0;0;0;0;0;0
Prov Limbourg;PSYCHIATRIE, PARTICULIEREMENT PSYCHIATRIE DE L'ADULTE;6;5;1;0;2;3;0;0;0;0;0;0;0;0;1;0;0;0;0;0;0;0;0
Prov Limbourg;MEDECINE D'URGENCE;6;2;4;0;0;2;0;0;0;0;0;0;0;0;2;2;0;0;0;0;0;0;0
Prov Limbourg;MEDECINE AIGUE;6;3;3;0;3;0;0;0;0;0;0;0;0;0;2;1;0;0;0;0;0;0;0
Prov Limbourg;GERIATRIE;3;3;0;0;3;0;0;0;0;0;0;0;0;0;0;0;0;0;0;0;0;0;0
Prov Brabant wallon;MEDECINE DU TRAVAIL;6;3;3;0;1;1;1;0;0;0;0;0;0;0;0;0;1;0;2;0;0;0;0
Prov Brabant wallon;ANESTHESIE-REANIMATION;22;7;15;0;5;2;0;0;0;0;0;0;0;0;8;6;1;0;0;0;0;0;0
Prov Brabant wallon;CHIRURGIE;5;2;3;0;2;0;0;0;0;0;0;0;0;0;2;1;0;0;0;0;0;0;0
Prov Brabant wallon;NEUROCHIRURGIE;2;0;2;0;0;0;0;0;0;0;0;0;0;0;2;0;0;0;0;0;0;0;0
Prov Brabant wallon;NEUROLOGIE;2;1;1;0;1;0;0;0;0;0;0;0;0;0;1;0;0;0;0;0;0;0;0
Prov Brabant wallon;GYNECOLOGIE-OBSTETRIQUE;16;15;1;0;13;1;0;1;0;0;0;0;0;0;1;0;0;0;0;0;0;0;0
Prov Brabant wallon;OPHTALMOLOGIE;6;3;3;0;3;0;0;0;0;0;0;0;0;0;3;0;0;0;0;0;0;0;0
Prov Brabant wallon;OTO-RHINO-LARYNGOLOGIE;4;4;0;0;4;0;0;0;0;0;0;0;0;0;0;0;0;0;0;0;0;0;0
Prov Brabant wallon;UROLOGIE;2;0;2;0;0;0;0;0;0;0;0;0;0;0;2;0;0;0;0;0;0;0;0
Prov Brabant wallon;CHIRURGIE ORTHOPEDIQUE;10;2;8;0;1;1;0;0;0;0;0;0;0;0;4;3;0;1;0;0;0;0;0
Prov Brabant wallon;STOMATOLOGIE;2;1;1;0;0;1;0;0;0;0;0;0;0;0;1;0;0;0;0;0;0;0;0
Prov Brabant wallon;DERMATO-VENEREOLOGIE;5;5;0;0;5;0;0;0;0;0;0;0;0;0;0;0;0;0;0;0;0;0;0
Prov Brabant wallon;PNEUMOLOGIE;2;1;1;0;1;0;0;0;0;0;0;0;0;0;1;0;0;0;0;0;0;0;0
Prov Brabant wallon;GASTRO-ENTEROLOGIE;1;0;1;0;0;0;0;0;0;0;0;0;0;0;0;1;0;0;0;0;0;0;0
Prov Brabant wallon;PEDIATRIE;20;17;3;1;12;4;0;0;0;0;0;0;0;0;3;0;0;0;0;0;0;0;0
Prov Brabant wallon;CARDIOLOGIE;4;3;1;0;1;2;0;0;0;0;0;0;0;0;0;1;0;0;0;0;0;0;0
Prov Brabant wallon;MEDECINE PHYSIQUE ET READAPTATION;2;2;0;0;2;0;0;0;0;0;0;0;0;0;0;0;0;0;0;0;0;0;0
Prov Brabant wallon;BIOLOGIE CLINIQUE;3;2;1;0;0;0;1;1;0;0;0;0;0;0;1;0;0;0;0;0;0;0;0
Prov Brabant wallon;RADIODIAGNOSTIC;9;4;5;0;2;2;0;0;0;0;0;0;0;0;3;2;0;0;0;0;0;0;0
Prov Brabant wallon;RADIOTHERAPIE-ONCOLOGIE;2;1;1;0;1;0;0;0;0;0;0;0;0;0;1;0;0;0;0;0;0;0;0
Prov Brabant wallon;ANATOMIE PATHOLOGIQUE;2;2;0;0;2;0;0;0;0;0;0;0;0;0;0;0;0;0;0;0;0;0;0
Prov Brabant wallon;MEDECINE INTERNE;30;20;10;1;17;2;0;0;0;0;0;0;0;0;9;1;0;0;0;0;0;0;0
Prov Brabant wallon;PSYCHIATRIE, PARTICULIEREMENT PSYCHIATRIE DE L'ADULTE;7;6;1;0;3;3;0;0;0;0;0;0;0;0;1;0;0;0;0;0;0;0;0
Prov Brabant wallon;MEDECINE D'URGENCE;15;5;10;0;2;3;0;0;0;0;0;0;0;0;7;2;0;0;1;0;0;0;0
Prov Brabant wallon;GERIATRIE;6;6;0;0;6;0;0;0;0;0;0;0;0;0;0;0;0;0;0;0;0;0;0
Prov Brabant wallon;ONCOLOGIE MEDICALE;2;2;0;0;0;2;0;0;0;0;0;0;0;0;0;0;0;0;0;0;0;0;0
Prov Hainaut;MEDECINE DU TRAVAIL;7;4;3;0;1;0;1;1;0;1;0;0;0;0;0;0;1;1;0;0;1;0;0
Prov Hainaut;ANESTHESIE-REANIMATION;21;9;12;0;9;0;0;0;0;0;0;0;0;0;11;1;0;0;0;0;0;0;0
Prov Hainaut;CHIRURGIE;23;15;8;0;9;4;2;0;0;0;0;0;0;0;5;3;0;0;0;0;0;0;0
Prov Hainaut;NEUROCHIRURGIE;5;2;3;0;1;1;0;0;0;0;0;0;0;0;2;1;0;0;0;0;0;0;0
Prov Hainaut;CHIRURGIE PLASTIQUE, RECONSTRUCTRICE ET ESTHETIQUE;2;1;1;0;1;0;0;0;0;0;0;0;0;0;1;0;0;0;0;0;0;0;0
Prov Hainaut;NEUROLOGIE;10;7;3;1;5;1;0;0;0;0;0;0;0;0;2;1;0;0;0;0;0;0;0
Prov Hainaut;GYNECOLOGIE-OBSTETRIQUE;16;14;2;1;10;3;0;0;0;0;0;0;0;0;2;0;0;0;0;0;0;0;0
Prov Hainaut;OPHTALMOLOGIE;5;3;2;0;3;0;0;0;0;0;0;0;0;1;1;0;0;0;0;0;0;0;0
Prov Hainaut;OTO-RHINO-LARYNGOLOGIE;5;2;3;0;2;0;0;0;0;0;0;0;0;0;3;0;0;0;0;0;0;0;0
Prov Hainaut;UROLOGIE;6;4;2;0;3;1;0;0;0;0;0;0;0;0;0;2;0;0;0;0;0;0;0
Prov Hainaut;CHIRURGIE ORTHOPEDIQUE;10;3;7;0;3;0;0;0;0;0;0;0;0;0;3;4;0;0;0;0;0;0;0
Prov Hainaut;STOMATOLOGIE;1;1;0;0;1;0;0;0;0;0;0;0;0;0;0;0;0;0;0;0;0;0;0
Prov Hainaut;DERMATO-VENEREOLOGIE;4;4;0;0;4;0;0;0;0;0;0;0;0;0;0;0;0;0;0;0;0;0;0
Prov Hainaut;PNEUMOLOGIE;1;1;0;0;0;1;0;0;0;0;0;0;0;0;0;0;0;0;0;0;0;0;0
Prov Hainaut;GASTRO-ENTEROLOGIE;1;1;0;0;0;1;0;0;0;0;0;0;0;0;0;0;0;0;0;0;0;0;0
Prov Hainaut;PEDIATRIE;29;28;1;0;23;5;0;0;0;0;0;0;0;0;1;0;0;0;0;0;0;0;0
Prov Hainaut;CARDIOLOGIE;3;3;0;0;1;2;0;0;0;0;0;0;0;0;0;0;0;0;0;0;0;0;0
Prov Hainaut;MEDECINE PHYSIQUE ET READAPTATION;8;5;3;0;4;1;0;0;0;0;0;0;0;0;3;0;0;0;0;0;0;0;0
Prov Hainaut;BIOLOGIE CLINIQUE;4;1;3;0;1;0;0;0;0;0;0;0;0;0;3;0;0;0;0;0;0;0;0
Prov Hainaut;RADIODIAGNOSTIC;11;6;5;0;5;1;0;0;0;0;0;0;0;1;2;2;0;0;0;0;0;0;0
Prov Hainaut;RADIOTHERAPIE-ONCOLOGIE;1;0;1;0;0;0;0;0;0;0;0;0;0;0;0;1;0;0;0;0;0;0;0
Prov Hainaut;PSYCHIATRIE, PARTICULIEREMENT PSYCHIATRIE INFANTO-JUVENILE;7;4;3;0;2;0;1;0;1;0;0;0;0;0;2;0;0;0;1;0;0;0;0
Prov Hainaut;ANATOMIE PATHOLOGIQUE;3;2;1;0;2;0;0;0;0;0;0;0;0;0;1;0;0;0;0;0;0;0;0
Prov Hainaut;MEDECINE INTERNE;42;25;17;0;24;0;1;0;0;0;0;0;0;1;15;0;1;0;0;0;0;0;0
Prov Hainaut;PSYCHIATRIE, PARTICULIEREMENT PSYCHIATRIE DE L'ADULTE;8;4;4;0;4;0;0;0;0;0;0;0;0;0;4;0;0;0;0;0;0;0;0
Prov Hainaut;MEDECINE D'URGENCE;16;8;8;2;6;0;0;0;0;0;0;0;0;0;3;2;1;1;1;0;0;0;0
Prov Hainaut;GERIATRIE;13;12;1;1;5;3;0;2;1;0;0;0;0;0;1;0;0;0;0;0;0;0;0
Prov Hainaut;ONCOLOGIE MEDICALE;2;1;1;0;0;1;0;0;0;0;0;0;0;0;1;0;0;0;0;0;0;0;0
Prov Liège;MEDECINE DU TRAVAIL;12;7;5;0;3;2;0;0;1;0;0;1;0;0;1;2;0;1;0;1;0;0;0
Prov Liège;ANESTHESIE-REANIMATION;62;21;41;0;13;8;0;0;0;0;0;0;0;1;34;6;0;0;0;0;0;0;0
Prov Liège;CHIRURGIE;30;14;16;0;12;2;0;0;0;0;0;0;0;1;8;5;2;0;0;0;0;0;0
Prov Liège;NEUROCHIRURGIE;6;2;4;0;2;0;0;0;0;0;0;0;0;0;4;0;0;0;0;0;0;0;0
Prov Liège;CHIRURGIE PLASTIQUE, RECONSTRUCTRICE ET ESTHETIQUE;5;2;3;0;1;1;0;0;0;0;0;0;0;0;1;2;0;0;0;0;0;0;0
Prov Liège;NEUROLOGIE;16;6;10;0;3;3;0;0;0;0;0;0;0;0;7;3;0;0;0;0;0;0;0
Prov Liège;GYNECOLOGIE-OBSTETRIQUE;33;29;4;2;24;3;0;0;0;0;0;0;0;0;4;0;0;0;0;0;0;0;0
Prov Liège;OPHTALMOLOGIE;17;10;7;0;9;1;0;0;0;0;0;0;0;1;6;0;0;0;0;0;0;0;0
Prov Liège;OTO-RHINO-LARYNGOLOGIE;10;6;4;0;6;0;0;0;0;0;0;0;0;0;3;0;1;0;0;0;0;0;0
Prov Liège;UROLOGIE;11;3;8;0;2;1;0;0;0;0;0;0;0;0;7;1;0;0;0;0;0;0;0
Prov Liège;CHIRURGIE ORTHOPEDIQUE;18;8;10;0;7;1;0;0;0;0;0;0;0;0;9;1;0;0;0;0;0;0;0
Prov Liège;DERMATO-VENEREOLOGIE;7;6;1;0;5;1;0;0;0;0;0;0;0;0;1;0;0;0;0;0;0;0;0
Prov Liège;PNEUMOLOGIE;14;8;6;0;5;3;0;0;0;0;0;0;0;0;6;0;0;0;0;0;0;0;0
Prov Liège;GASTRO-ENTEROLOGIE;20;14;6;0;11;3;0;0;0;0;0;0;0;0;5;0;0;1;0;0;0;0;0
Prov Liège;PEDIATRIE;46;42;4;0;32;10;0;0;0;0;0;0;0;0;4;0;0;0;0;0;0;0;0
Prov Liège;CARDIOLOGIE;20;11;9;0;7;4;0;0;0;0;0;0;0;0;8;1;0;0;0;0;0;0;0
Prov Liège;MEDECINE PHYSIQUE ET READAPTATION;6;1;5;0;1;0;0;0;0;0;0;0;0;0;4;1;0;0;0;0;0;0;0
Prov Liège;BIOLOGIE CLINIQUE;3;2;1;0;0;2;0;0;0;0;0;0;0;0;1;0;0;0;0;0;0;0;0
Prov Liège;RADIODIAGNOSTIC;28;7;21;0;6;1;0;0;0;0;0;0;0;1;17;3;0;0;0;0;0;0;0
Prov Liège;RADIOTHERAPIE-ONCOLOGIE;4;2;2;0;1;1;0;0;0;0;0;0;0;0;2;0;0;0;0;0;0;0;0
Prov Liège;PSYCHIATRIE, PARTICULIEREMENT PSYCHIATRIE INFANTO-JUVENILE;8;6;2;0;4;1;1;0;0;0;0;0;0;0;2;0;0;0;0;0;0;0;0
Prov Liège;MEDECINE NUCLEAIRE;6;3;3;0;3;0;0;0;0;0;0;0;0;0;3;0;0;0;0;0;0;0;0
Prov Liège;ANATOMIE PATHOLOGIQUE;8;4;4;0;2;2;0;0;0;0;0;0;0;1;2;0;0;0;0;1;0;0;0
Prov Liège;MEDECINE INTERNE;32;25;7;0;24;1;0;0;0;0;0;0;0;0;7;0;0;0;0;0;0;0;0
Prov Liège;RHUMATOLOGIE;5;3;2;0;2;1;0;0;0;0;0;0;0;0;2;0;0;0;0;0;0;0;0
Prov Liège;PSYCHIATRIE, PARTICULIEREMENT PSYCHIATRIE DE L'ADULTE;15;8;7;0;6;2;0;0;0;0;0;0;0;1;5;1;0;0;0;0;0;0;0
Prov Liège;MEDECINE D'URGENCE;51;27;24;1;21;5;0;0;0;0;0;0;0;0;11;7;2;3;1;0;0;0;0
Prov Liège;GERIATRIE;13;12;1;0;7;4;0;1;0;0;0;0;0;0;1;0;0;0;0;0;0;0;0
Prov Liège;ONCOLOGIE MEDICALE;9;7;2;0;6;1;0;0;0;0;0;0;0;0;1;1;0;0;0;0;0;0;0
Prov Namur;MEDECINE DU TRAVAIL;9;6;3;0;1;4;1;0;0;0;0;0;0;0;0;1;1;0;1;0;0;0;0
Prov Namur;ANESTHESIE-REANIMATION;13;5;8;0;4;1;0;0;0;0;0;0;0;0;7;1;0;0;0;0;0;0;0
Prov Namur;CHIRURGIE;10;5;5;0;5;0;0;0;0;0;0;0;0;1;3;1;0;0;0;0;0;0;0
Prov Namur;NEUROCHIRURGIE;4;1;3;0;1;0;0;0;0;0;0;0;0;0;1;2;0;0;0;0;0;0;0
Prov Namur;CHIRURGIE PLASTIQUE, RECONSTRUCTRICE ET ESTHETIQUE;1;0;1;0;0;0;0;0;0;0;0;0;0;0;1;0;0;0;0;0;0;0;0
Prov Namur;NEUROLOGIE;2;2;0;1;1;0;0;0;0;0;0;0;0;0;0;0;0;0;0;0;0;0;0
Prov Namur;GYNECOLOGIE-OBSTETRIQUE;6;6;0;0;5;1;0;0;0;0;0;0;0;0;0;0;0;0;0;0;0;0;0
Prov Namur;OPHTALMOLOGIE;4;2;2;0;2;0;0;0;0;0;0;0;0;0;2;0;0;0;0;0;0;0;0
Prov Namur;OTO-RHINO-LARYNGOLOGIE;3;2;1;0;1;1;0;0;0;0;0;0;0;0;1;0;0;0;0;0;0;0;0
Prov Namur;UROLOGIE;1;0;1;0;0;0;0;0;0;0;0;0;0;0;1;0;0;0;0;0;0;0;0
Prov Namur;CHIRURGIE ORTHOPEDIQUE;6;1;5;0;1;0;0;0;0;0;0;0;0;0;3;2;0;0;0;0;0;0;0
Prov Namur;STOMATOLOGIE;5;0;5;0;0;0;0;0;0;0;0;0;0;0;3;2;0;0;0;0;0;0;0
Prov Namur;DERMATO-VENEREOLOGIE;3;3;0;0;3;0;0;0;0;0;0;0;0;0;0;0;0;0;0;0;0;0;0
Prov Namur;PNEUMOLOGIE;7;2;5;0;1;1;0;0;0;0;0;0;0;0;2;3;0;0;0;0;0;0;0
Prov Namur;GASTRO-ENTEROLOGIE;2;0;2;0;0;0;0;0;0;0;0;0;0;0;0;2;0;0;0;0;0;0;0
Prov Namur;PEDIATRIE;12;11;1;0;10;1;0;0;0;0;0;0;0;0;1;0;0;0;0;0;0;0;0
Prov Namur;CARDIOLOGIE;2;1;1;0;0;1;0;0;0;0;0;0;0;0;1;0;0;0;0;0;0;0;0
Prov Namur;MEDECINE PHYSIQUE ET READAPTATION;2;0;2;0;0;0;0;0;0;0;0;0;0;0;1;1;0;0;0;0;0;0;0
Prov Namur;BIOLOGIE CLINIQUE;1;1;0;0;0;1;0;0;0;0;0;0;0;0;0;0;0;0;0;0;0;0;0
Prov Namur;RADIODIAGNOSTIC;6;0;6;0;0;0;0;0;0;0;0;0;0;1;5;0;0;0;0;0;0;0;0
Prov Namur;RADIOTHERAPIE-ONCOLOGIE;2;2;0;0;1;1;0;0;0;0;0;0;0;0;0;0;0;0;0;0;0;0;0
Prov Namur;PSYCHIATRIE, PARTICULIEREMENT PSYCHIATRIE INFANTO-JUVENILE;1;1;0;0;1;0;0;0;0;0;0;0;0;0;0;0;0;0;0;0;0;0;0
Prov Namur;MEDECINE INTERNE;23;16;7;0;15;1;0;0;0;0;0;0;0;0;7;0;0;0;0;0;0;0;0
Prov Namur;PSYCHIATRIE, PARTICULIEREMENT PSYCHIATRIE DE L'ADULTE;5;4;1;0;4;0;0;0;0;0;0;0;0;0;1;0;0;0;0;0;0;0;0
Prov Namur;MEDECINE D'URGENCE;12;4;8;0;4;0;0;0;0;0;0;0;0;0;5;1;1;0;1;0;0;0;0
Prov Namur;GERIATRIE;2;2;0;0;2;0;0;0;0;0;0;0;0;0;0;0;0;0;0;0;0;0;0
Prov Luxembourg;MEDECINE DU TRAVAIL;2;1;1;0;0;0;0;0;1;0;0;0;0;0;0;0;0;0;1;0;0;0;0
Prov Luxembourg;ANESTHESIE-REANIMATION;3;1;2;0;1;0;0;0;0;0;0;0;0;0;2;0;0;0;0;0;0;0;0
Prov Luxembourg;CHIRURGIE;3;3;0;0;3;0;0;0;0;0;0;0;0;0;0;0;0;0;0;0;0;0;0
Prov Luxembourg;NEUROCHIRURGIE;1;0;1;0;0;0;0;0;0;0;0;0;0;0;1;0;0;0;0;0;0;0;0
Prov Luxembourg;GYNECOLOGIE-OBSTETRIQUE;1;1;0;0;1;0;0;0;0;0;0;0;0;0;0;0;0;0;0;0;0;0;0
Prov Luxembourg;CHIRURGIE ORTHOPEDIQUE;5;1;4;0;0;1;0;0;0;0;0;0;0;0;4;0;0;0;0;0;0;0;0
Prov Luxembourg;DERMATO-VENEREOLOGIE;1;1;0;0;1;0;0;0;0;0;0;0;0;0;0;0;0;0;0;0;0;0;0
Prov Luxembourg;PEDIATRIE;8;8;0;0;8;0;0;0;0;0;0;0;0;0;0;0;0;0;0;0;0;0;0
Prov Luxembourg;MEDECINE PHYSIQUE ET READAPTATION;1;0;1;0;0;0;0;0;0;0;0;0;0;0;1;0;0;0;0;0;0;0;0
Prov Luxembourg;RADIODIAGNOSTIC;1;0;1;0;0;0;0;0;0;0;0;0;0;0;1;0;0;0;0;0;0;0;0
Prov Luxembourg;PSYCHIATRIE, PARTICULIEREMENT PSYCHIATRIE INFANTO-JUVENILE;2;2;0;0;1;0;0;1;0;0;0;0;0;0;0;0;0;0;0;0;0;0;0
Prov Luxembourg;MEDECINE INTERNE;7;3;4;0;3;0;0;0;0;0;0;0;0;1;3;0;0;0;0;0;0;0;0
Prov Luxembourg;RHUMATOLOGIE;1;1;0;0;0;1;0;0;0;0;0;0;0;0;0;0;0;0;0;0;0;0;0
Prov Luxembourg;PSYCHIATRIE, PARTICULIEREMENT PSYCHIATRIE DE L'ADULTE;3;3;0;0;2;0;1;0;0;0;0;0;0;0;0;0;0;0;0;0;0;0;0
Prov Luxembourg;MEDECINE D'URGENCE;3;3;0;0;2;1;0;0;0;0;0;0;0;0;0;0;0;0;0;0;0;0;0
Prov Luxembourg;MEDECINE AIGUE;1;0;1;0;0;0;0;0;0;0;0;0;0;0;1;0;0;0;0;0;0;0;0
Prov Luxembourg;GERIATRIE;2;2;0;0;2;0;0;0;0;0;0;0;0;0;0;0;0;0;0;0;0;0;0
Prov Luxembourg;ONCOLOGIE MEDICALE;1;1;0;0;0;1;0;0;0;0;0;0;0;0;0;0;0;0;0;0;0;0;0
Prov Région de Bruxelles-capitale;MEDECINE DU TRAVAIL;14;10;4;0;0;2;5;2;1;0;0;0;0;0;0;2;1;1;0;0;0;0;0
Prov Région de Bruxelles-capitale;ANESTHESIE-REANIMATION;113;50;63;0;32;16;1;1;0;0;0;0;0;1;35;22;4;1;0;0;0;0;0
Prov Région de Bruxelles-capitale;CHIRURGIE;65;34;31;0;27;7;0;0;0;0;0;0;0;0;19;10;2;0;0;0;0;0;0
Prov Région de Bruxelles-capitale;NEUROCHIRURGIE;8;3;5;0;1;1;1;0;0;0;0;0;0;0;2;2;1;0;0;0;0;0;0
Prov Région de Bruxelles-capitale;CHIRURGIE PLASTIQUE, RECONSTRUCTRICE ET ESTHETIQUE;11;6;5;0;2;3;1;0;0;0;0;0;0;0;1;3;1;0;0;0;0;0;0
Prov Région de Bruxelles-capitale;NEUROLOGIE;27;19;8;0;14;4;1;0;0;0;0;0;0;0;7;1;0;0;0;0;0;0;0
Prov Région de Bruxelles-capitale;GYNECOLOGIE-OBSTETRIQUE;63;57;6;0;47;10;0;0;0;0;0;0;0;0;2;3;1;0;0;0;0;0;0
Prov Région de Bruxelles-capitale;OPHTALMOLOGIE;26;19;7;1;12;5;1;0;0;0;0;0;0;0;6;1;0;0;0;0;0;0;0
Prov Région de Bruxelles-capitale;OTO-RHINO-LARYNGOLOGIE;12;10;2;0;9;1;0;0;0;0;0;0;0;0;1;1;0;0;0;0;0;0;0
Prov Région de Bruxelles-capitale;UROLOGIE;15;3;12;0;3;0;0;0;0;0;0;0;0;0;8;4;0;0;0;0;0;0;0
Prov Région de Bruxelles-capitale;CHIRURGIE ORTHOPEDIQUE;37;7;30;0;5;2;0;0;0;0;0;0;0;1;20;8;1;0;0;0;0;0;0
Prov Région de Bruxelles-capitale;STOMATOLOGIE;10;4;6;0;4;0;0;0;0;0;0;0;0;0;5;1;0;0;0;0;0;0;0
Prov Région de Bruxelles-capitale;DERMATO-VENEREOLOGIE;16;14;2;0;10;4;0;0;0;0;0;0;0;0;1;1;0;0;0;0;0;0;0
Prov Région de Bruxelles-capitale;PNEUMOLOGIE;9;6;3;0;2;3;1;0;0;0;0;0;0;0;2;1;0;0;0;0;0;0;0
Prov Région de Bruxelles-capitale;GASTRO-ENTEROLOGIE;19;13;6;0;6;6;1;0;0;0;0;0;0;0;2;3;0;1;0;0;0;0;0
Prov Région de Bruxelles-capitale;PEDIATRIE;93;73;20;2;56;13;2;0;0;0;0;0;0;1;16;3;0;0;0;0;0;0;0
Prov Région de Bruxelles-capitale;CARDIOLOGIE;19;6;13;0;4;2;0;0;0;0;0;0;0;0;4;8;0;0;1;0;0;0;0
Prov Région de Bruxelles-capitale;MEDECINE PHYSIQUE ET READAPTATION;9;7;2;0;5;2;0;0;0;0;0;0;0;0;1;1;0;0;0;0;0;0;0
Prov Région de Bruxelles-capitale;BIOLOGIE CLINIQUE;10;6;4;0;3;3;0;0;0;0;0;0;0;0;1;2;1;0;0;0;0;0;0
Prov Région de Bruxelles-capitale;RADIODIAGNOSTIC;57;27;30;0;19;7;1;0;0;0;0;0;0;1;20;5;2;2;0;0;0;0;0
Prov Région de Bruxelles-capitale;RADIOTHERAPIE-ONCOLOGIE;14;10;4;0;4;4;1;1;0;0;0;0;0;0;2;1;1;0;0;0;0;0;0
Prov Région de Bruxelles-capitale;PSYCHIATRIE, PARTICULIEREMENT PSYCHIATRIE INFANTO-JUVENILE;23;17;6;0;10;6;1;0;0;0;0;0;0;0;6;0;0;0;0;0;0;0;0
Prov Région de Bruxelles-capitale;MEDECINE NUCLEAIRE;10;4;6;0;0;4;0;0;0;0;0;0;0;0;3;3;0;0;0;0;0;0;0
Prov Région de Bruxelles-capitale;ANATOMIE PATHOLOGIQUE;13;11;2;0;6;5;0;0;0;0;0;0;0;0;2;0;0;0;0;0;0;0;0
Prov Région de Bruxelles-capitale;MEDECINE INTERNE;119;67;52;1;58;8;0;0;0;0;0;0;0;0;46;6;0;0;0;0;0;0;0
Prov Région de Bruxelles-capitale;RHUMATOLOGIE;6;3;3;0;1;2;0;0;0;0;0;0;0;0;2;0;1;0;0;0;0;0;0
Prov Région de Bruxelles-capitale;PSYCHIATRIE, PARTICULIEREMENT PSYCHIATRIE DE L'ADULTE;44;26;18;0;21;5;0;0;0;0;0;0;0;0;8;6;2;1;1;0;0;0;0
Prov Région de Bruxelles-capitale;MEDECINE LEGALE;2;1;1;0;1;0;0;0;0;0;0;0;0;0;1;0;0;0;0;0;0;0;0
Prov Région de Bruxelles-capitale;MEDECINE D'URGENCE;53;31;22;1;15;12;2;0;1;0;0;0;0;0;13;8;1;0;0;0;0;0;0
Prov Région de Bruxelles-capitale;MEDECINE AIGUE;5;1;4;0;1;0;0;0;0;0;0;0;0;0;2;1;1;0;0;0;0;0;0
Prov Région de Bruxelles-capitale;GERIATRIE;16;13;3;0;8;4;1;0;0;0;0;0;0;0;2;1;0;0;0;0;0;0;0
Prov Région de Bruxelles-capitale;ONCOLOGIE MEDICALE;9;7;2;0;1;6;0;0;0;0;0;0;0;0;1;1;0;0;0;0;0;0;0
