Gebied;Specialiteit;Totaal;Totaal_vrouwen;Totaal_mannen;Vrouwen_20_24;Vrouwen_25_29;Vrouwen_30_34;Vrouwen_35_39;Vrouwen_40_44;Vrouwen_45_49;Vrouwen_50_54;Vrouwen_55_59;Vrouwen_60_64;Vrouwen_65plus;Mannen_20_24;Mannen_25_29;Mannen_30_34;Mannen_35_39;Mannen_40_44;Mannen_45_49;Mannen_50_54;Mannen_55_59;Mannen_60_64;Mannen_65plus
België;ALLE SPECIALITEITEN;4212;2549;1663;18;1991;457;49;22;6;4;2;0;0;11;1223;319;66;24;12;5;1;2;0
Gewest Vlaanderen;ALLE SPECIALITEITEN;2393;1436;957;7;1151;236;26;10;4;1;1;0;0;7;742;160;31;8;5;2;1;1;0
Gewest Wallonië;ALLE SPECIALITEITEN;936;579;357;7;477;74;10;7;2;2;0;0;0;3;267;60;15;6;5;1;0;0;0
Gewest Brussels hoofdstedelijk gewest;ALLE SPECIALITEITEN;883;534;349;4;363;147;13;5;0;1;1;0;0;1;214;99;20;10;2;2;0;1;0
Prov Vlaams Brabant;ALLE SPECIALITEITEN;741;456;285;3;353;89;6;4;1;0;0;0;0;3;211;55;12;1;1;1;1;0;0
Prov West-Vlaanderen;ALLE SPECIALITEITEN;309;175;134;2;152;16;4;0;0;0;1;0;0;1;119;11;3;0;0;0;0;0;0
Prov Oost-Vlaanderen;ALLE SPECIALITEITEN;571;349;222;1;278;59;6;3;1;1;0;0;0;0;176;34;7;4;0;0;0;1;0
Prov Antwerpen;ALLE SPECIALITEITEN;608;353;255;1;281;58;8;3;2;0;0;0;0;1;190;50;6;3;4;1;0;0;0
Prov Limburg;ALLE SPECIALITEITEN;164;103;61;0;87;14;2;0;0;0;0;0;0;2;46;10;3;0;0;0;0;0;0
Prov Waals Brabant;ALLE SPECIALITEITEN;143;98;45;1;76;17;1;2;1;0;0;0;0;1;36;5;2;1;0;0;0;0;0
Prov Henegouwen;ALLE SPECIALITEITEN;207;133;74;4;109;12;5;0;1;2;0;0;0;1;57;11;1;1;3;0;0;0;0
Prov Luik;ALLE SPECIALITEITEN;427;245;182;0;206;32;3;4;0;0;0;0;0;0;129;35;11;4;2;1;0;0;0
Prov Namen;ALLE SPECIALITEITEN;119;69;50;2;58;8;1;0;0;0;0;0;0;1;40;9;0;0;0;0;0;0;0
Prov Luxemburg;ALLE SPECIALITEITEN;40;34;6;0;28;5;0;1;0;0;0;0;0;0;5;0;1;0;0;0;0;0;0
Prov Brussels hoofdstedelijk gewest;ALLE SPECIALITEITEN;883;534;349;4;363;147;13;5;0;1;1;0;0;1;214;99;20;10;2;2;0;1;0
België;ARBEIDSGENEESKUNDE;18;13;5;0;4;2;2;2;1;1;1;0;0;0;1;0;2;0;0;1;1;0;0
België;ANESTHESIE-REANIMATIE;478;246;232;1;196;42;6;1;0;0;0;0;0;0;176;40;11;3;2;0;0;0;0
België;HEELKUNDE;293;133;160;0;109;21;2;1;0;0;0;0;0;0;116;37;7;0;0;0;0;0;0
België;NEUROCHIRURGIE;57;15;42;0;13;2;0;0;0;0;0;0;0;0;32;7;3;0;0;0;0;0;0
België;PLASTISCHE, RECONSTRUCTIEVE EN ESTHETISCHE HEELKUNDE;48;24;24;0;15;7;2;0;0;0;0;0;0;0;17;6;1;0;0;0;0;0;0
België;NEUROLOGIE;112;71;41;2;60;9;0;0;0;0;0;0;0;1;29;9;1;1;0;0;0;0;0
België;GYNAECOLOGIE-VERLOSKUNDE;286;244;42;2;201;37;3;1;0;0;0;0;0;0;27;12;2;0;0;0;0;1;0
België;OFTALMOLOGIE;111;83;28;1;77;5;0;0;0;0;0;0;0;0;26;2;0;0;0;0;0;0;0
België;OTORHINOLARYNGOLOGIE;87;66;21;0;54;12;0;0;0;0;0;0;0;0;19;2;0;0;0;0;0;0;0
België;UROLOGIE;97;33;64;1;25;6;1;0;0;0;0;0;0;0;48;16;0;0;0;0;0;0;0
België;ORTHOPEDISCHE HEELKUNDE;187;39;148;0;32;6;0;1;0;0;0;0;0;2;100;35;10;0;0;1;0;0;0
België;STOMATOLOGIE;38;15;23;1;11;3;0;0;0;0;0;0;0;1;19;3;0;0;0;0;0;0;0
België;DERMATO-VENEREOLOGIE;76;68;8;1;61;6;0;0;0;0;0;0;0;0;7;1;0;0;0;0;0;0;0
België;PNEUMOLOGIE;62;45;17;0;20;23;2;0;0;0;0;0;0;0;10;7;0;0;0;0;0;0;0
België;GASTRO-ENTEROLOGIE;76;55;21;0;33;21;1;0;0;0;0;0;0;0;12;7;1;1;0;0;0;0;0
België;PEDIATRIE;355;295;60;3;249;39;4;0;0;0;0;0;0;0;45;15;0;0;0;0;0;0;0
België;CARDIOLOGIE;112;49;63;0;28;18;2;1;0;0;0;0;0;0;37;21;2;3;0;0;0;0;0
België;FYSISCHE GENEESKUNDE EN REVALIDATIE;75;44;31;0;40;4;0;0;0;0;0;0;0;0;28;2;0;0;0;1;0;0;0
België;KLINISCHE BIOLOGIE;47;34;13;1;24;6;1;1;0;1;0;0;0;0;10;3;0;0;0;0;0;0;0
België;RONTGENDIAGNOSE;247;105;142;2;74;23;4;1;1;0;0;0;0;1;114;18;6;3;0;0;0;0;0
België;RADIOTHERAPIE-ONCOLOGIE;47;30;17;0;20;7;0;3;0;0;0;0;0;0;11;5;1;0;0;0;0;0;0
België;PSYCHIATRIE, MEER BEPAALD KINDER- EN JEUGDPSYCHIATRIE;114;102;12;0;77;18;3;3;1;0;0;0;0;1;10;0;0;0;1;0;0;0;0
België;NUCLEAIRE GENEESKUNDE;37;18;19;0;14;4;0;0;0;0;0;0;0;0;15;4;0;0;0;0;0;0;0
België;PATHOLOGISCHE ANATOMIE;47;39;8;0;31;5;2;1;0;0;0;0;0;0;7;0;1;0;0;0;0;0;0
België;INWENDIGE GENEESKUNDE;574;342;232;2;291;45;3;1;0;0;0;0;0;5;200;23;2;0;2;0;0;0;0
België;REUMATOLOGIE;16;11;5;0;7;4;0;0;0;0;0;0;0;0;3;2;0;0;0;0;0;0;0
België;PSYCHIATRIE, MEER BEPAALD VOLWASSENPSYCHIATRIE;154;105;49;0;82;18;2;0;3;0;0;0;0;0;33;9;2;3;1;1;0;0;0
België;GERECHTELIJKE GENEESKUNDE;6;6;0;0;5;1;0;0;0;0;0;0;0;0;0;0;0;0;0;0;0;0;0
België;URGENTIEGENEESKUNE;191;104;87;0;73;26;3;2;0;0;0;0;0;0;48;21;9;5;4;0;0;0;0
België;ACUTE GENEESKUNDE;60;30;30;0;18;6;4;1;0;0;1;0;0;0;14;6;2;4;2;1;0;1;0
België;GERIATRIE;63;56;7;1;32;18;2;1;0;2;0;0;0;0;4;3;0;0;0;0;0;0;0
België;MEDISCHE ONCOLOGIE;41;29;12;0;15;13;0;1;0;0;0;0;0;0;5;3;3;1;0;0;0;0;0
Gewest Vlaanderen;ARBEIDSGENEESKUNDE;17;12;5;0;4;1;2;2;1;1;1;0;0;0;1;0;2;0;0;1;1;0;0
Gewest Vlaanderen;ANESTHESIE-REANIMATIE;267;147;120;1;125;18;3;0;0;0;0;0;0;0;100;14;4;1;1;0;0;0;0
Gewest Vlaanderen;HEELKUNDE;175;76;99;0;66;10;0;0;0;0;0;0;0;0;77;19;3;0;0;0;0;0;0
Gewest Vlaanderen;NEUROCHIRURGIE;33;6;27;0;6;0;0;0;0;0;0;0;0;0;20;5;2;0;0;0;0;0;0
Gewest Vlaanderen;PLASTISCHE, RECONSTRUCTIEVE EN ESTHETISCHE HEELKUNDE;26;14;12;0;10;4;0;0;0;0;0;0;0;0;10;1;1;0;0;0;0;0;0
Gewest Vlaanderen;NEUROLOGIE;63;43;20;0;38;5;0;0;0;0;0;0;0;1;14;5;0;0;0;0;0;0;0
Gewest Vlaanderen;GYNAECOLOGIE-VERLOSKUNDE;152;132;20;1;108;20;3;0;0;0;0;0;0;0;12;7;1;0;0;0;0;0;0
Gewest Vlaanderen;OFTALMOLOGIE;59;46;13;0;45;1;0;0;0;0;0;0;0;0;12;1;0;0;0;0;0;0;0
Gewest Vlaanderen;OTORHINOLARYNGOLOGIE;55;43;12;0;34;9;0;0;0;0;0;0;0;0;11;1;0;0;0;0;0;0;0
Gewest Vlaanderen;UROLOGIE;65;27;38;1;19;6;1;0;0;0;0;0;0;0;28;10;0;0;0;0;0;0;0
Gewest Vlaanderen;ORTHOPEDISCHE HEELKUNDE;113;25;88;0;22;3;0;0;0;0;0;0;0;1;62;18;7;0;0;0;0;0;0
Gewest Vlaanderen;STOMATOLOGIE;20;8;12;1;5;2;0;0;0;0;0;0;0;0;11;1;0;0;0;0;0;0;0
Gewest Vlaanderen;DERMATO-VENEREOLOGIE;39;32;7;0;29;3;0;0;0;0;0;0;0;0;6;1;0;0;0;0;0;0;0
Gewest Vlaanderen;PNEUMOLOGIE;43;31;12;0;14;16;1;0;0;0;0;0;0;0;7;5;0;0;0;0;0;0;0
Gewest Vlaanderen;GASTRO-ENTEROLOGIE;42;29;13;0;16;12;1;0;0;0;0;0;0;0;8;5;0;0;0;0;0;0;0
Gewest Vlaanderen;PEDIATRIE;165;136;29;1;117;17;1;0;0;0;0;0;0;0;24;5;0;0;0;0;0;0;0
Gewest Vlaanderen;CARDIOLOGIE;68;24;44;0;17;5;1;1;0;0;0;0;0;0;26;16;1;1;0;0;0;0;0
Gewest Vlaanderen;FYSISCHE GENEESKUNDE EN REVALIDATIE;48;27;21;0;24;3;0;0;0;0;0;0;0;0;20;1;0;0;0;0;0;0;0
Gewest Vlaanderen;KLINISCHE BIOLOGIE;25;18;7;1;13;3;1;0;0;0;0;0;0;0;6;1;0;0;0;0;0;0;0
Gewest Vlaanderen;RONTGENDIAGNOSE;142;61;81;1;44;12;2;1;1;0;0;0;0;1;69;8;1;2;0;0;0;0;0
Gewest Vlaanderen;RADIOTHERAPIE-ONCOLOGIE;28;17;11;0;14;2;0;1;0;0;0;0;0;0;6;4;1;0;0;0;0;0;0
Gewest Vlaanderen;PSYCHIATRIE, MEER BEPAALD KINDER- EN JEUGDPSYCHIATRIE;72;65;7;0;53;8;2;2;0;0;0;0;0;1;6;0;0;0;0;0;0;0;0
Gewest Vlaanderen;NUCLEAIRE GENEESKUNDE;22;11;11;0;9;2;0;0;0;0;0;0;0;0;10;1;0;0;0;0;0;0;0
Gewest Vlaanderen;PATHOLOGISCHE ANATOMIE;28;23;5;0;17;3;2;1;0;0;0;0;0;0;4;0;1;0;0;0;0;0;0
Gewest Vlaanderen;INWENDIGE GENEESKUNDE;349;205;144;0;174;31;0;0;0;0;0;0;0;3;125;12;2;0;2;0;0;0;0
Gewest Vlaanderen;REUMATOLOGIE;13;9;4;0;5;4;0;0;0;0;0;0;0;0;2;2;0;0;0;0;0;0;0
Gewest Vlaanderen;PSYCHIATRIE, MEER BEPAALD VOLWASSENPSYCHIATRIE;90;64;26;0;53;8;1;0;2;0;0;0;0;0;20;4;1;1;0;0;0;0;0
Gewest Vlaanderen;GERECHTELIJKE GENEESKUNDE;5;5;0;0;4;1;0;0;0;0;0;0;0;0;0;0;0;0;0;0;0;0;0
Gewest Vlaanderen;URGENTIEGENEESKUNE;84;48;36;0;35;11;2;0;0;0;0;0;0;0;26;7;2;0;1;0;0;0;0
Gewest Vlaanderen;ACUTE GENEESKUNDE;44;24;20;0;16;4;3;1;0;0;0;0;0;0;11;2;1;3;1;1;0;1;0
Gewest Vlaanderen;GERIATRIE;24;18;6;0;10;7;0;1;0;0;0;0;0;0;4;2;0;0;0;0;0;0;0
Gewest Vlaanderen;MEDISCHE ONCOLOGIE;17;10;7;0;5;5;0;0;0;0;0;0;0;0;4;2;1;0;0;0;0;0;0
Gewest Wallonië;ARBEIDSGENEESKUNDE;1;1;0;0;0;1;0;0;0;0;0;0;0;0;0;0;0;0;0;0;0;0;0
Gewest Wallonië;ANESTHESIE-REANIMATIE;102;54;48;0;43;10;1;0;0;0;0;0;0;0;34;11;2;1;0;0;0;0;0
Gewest Wallonië;HEELKUNDE;62;33;29;0;26;5;2;0;0;0;0;0;0;0;22;5;2;0;0;0;0;0;0
Gewest Wallonië;NEUROCHIRURGIE;15;4;11;0;3;1;0;0;0;0;0;0;0;0;10;0;1;0;0;0;0;0;0
Gewest Wallonië;PLASTISCHE, RECONSTRUCTIEVE EN ESTHETISCHE HEELKUNDE;9;3;6;0;2;1;0;0;0;0;0;0;0;0;5;1;0;0;0;0;0;0;0
Gewest Wallonië;NEUROLOGIE;24;13;11;1;10;2;0;0;0;0;0;0;0;0;11;0;0;0;0;0;0;0;0
Gewest Wallonië;GYNAECOLOGIE-VERLOSKUNDE;63;55;8;1;51;2;0;1;0;0;0;0;0;0;6;2;0;0;0;0;0;0;0
Gewest Wallonië;OFTALMOLOGIE;24;16;8;0;16;0;0;0;0;0;0;0;0;0;8;0;0;0;0;0;0;0;0
Gewest Wallonië;OTORHINOLARYNGOLOGIE;20;14;6;0;12;2;0;0;0;0;0;0;0;0;5;1;0;0;0;0;0;0;0
Gewest Wallonië;UROLOGIE;13;2;11;0;2;0;0;0;0;0;0;0;0;0;8;3;0;0;0;0;0;0;0
Gewest Wallonië;ORTHOPEDISCHE HEELKUNDE;46;12;34;0;8;3;0;1;0;0;0;0;0;1;24;7;1;0;0;1;0;0;0
Gewest Wallonië;STOMATOLOGIE;8;4;4;0;3;1;0;0;0;0;0;0;0;1;3;0;0;0;0;0;0;0;0
Gewest Wallonië;DERMATO-VENEREOLOGIE;20;20;0;0;18;2;0;0;0;0;0;0;0;0;0;0;0;0;0;0;0;0;0
Gewest Wallonië;PNEUMOLOGIE;12;8;4;0;5;2;1;0;0;0;0;0;0;0;3;1;0;0;0;0;0;0;0
Gewest Wallonië;GASTRO-ENTEROLOGIE;22;18;4;0;14;4;0;0;0;0;0;0;0;0;2;1;1;0;0;0;0;0;0
Gewest Wallonië;PEDIATRIE;105;89;16;1;81;6;1;0;0;0;0;0;0;0;14;2;0;0;0;0;0;0;0
Gewest Wallonië;CARDIOLOGIE;26;16;10;0;11;5;0;0;0;0;0;0;0;0;8;2;0;0;0;0;0;0;0
Gewest Wallonië;FYSISCHE GENEESKUNDE EN REVALIDATIE;20;12;8;0;11;1;0;0;0;0;0;0;0;0;7;1;0;0;0;0;0;0;0
Gewest Wallonië;KLINISCHE BIOLOGIE;9;6;3;0;4;1;0;1;0;0;0;0;0;0;2;1;0;0;0;0;0;0;0
Gewest Wallonië;RONTGENDIAGNOSE;48;17;31;1;14;2;0;0;0;0;0;0;0;0;26;4;1;0;0;0;0;0;0
Gewest Wallonië;RADIOTHERAPIE-ONCOLOGIE;8;5;3;0;5;0;0;0;0;0;0;0;0;0;3;0;0;0;0;0;0;0;0
Gewest Wallonië;PSYCHIATRIE, MEER BEPAALD KINDER- EN JEUGDPSYCHIATRIE;22;19;3;0;10;6;1;1;1;0;0;0;0;0;2;0;0;0;1;0;0;0;0
Gewest Wallonië;NUCLEAIRE GENEESKUNDE;7;4;3;0;4;0;0;0;0;0;0;0;0;0;2;1;0;0;0;0;0;0;0
Gewest Wallonië;PATHOLOGISCHE ANATOMIE;9;6;3;0;5;1;0;0;0;0;0;0;0;0;3;0;0;0;0;0;0;0;0
Gewest Wallonië;INWENDIGE GENEESKUNDE;106;66;40;2;62;0;2;0;0;0;0;0;0;1;36;3;0;0;0;0;0;0;0
Gewest Wallonië;REUMATOLOGIE;3;2;1;0;2;0;0;0;0;0;0;0;0;0;1;0;0;0;0;0;0;0;0
Gewest Wallonië;PSYCHIATRIE, MEER BEPAALD VOLWASSENPSYCHIATRIE;27;17;10;0;12;4;0;0;1;0;0;0;0;0;7;2;0;0;1;0;0;0;0
Gewest Wallonië;URGENTIEGENEESKUNE;66;28;38;0;20;6;0;2;0;0;0;0;0;0;14;11;6;4;3;0;0;0;0
Gewest Wallonië;ACUTE GENEESKUNDE;3;1;2;0;0;0;1;0;0;0;0;0;0;0;0;0;1;1;0;0;0;0;0
Gewest Wallonië;GERIATRIE;23;23;0;1;17;2;1;0;0;2;0;0;0;0;0;0;0;0;0;0;0;0;0
Gewest Wallonië;MEDISCHE ONCOLOGIE;13;11;2;0;6;4;0;1;0;0;0;0;0;0;1;1;0;0;0;0;0;0;0
Gewest Brussels hoofdstedelijk gewest;ANESTHESIE-REANIMATIE;109;45;64;0;28;14;2;1;0;0;0;0;0;0;42;15;5;1;1;0;0;0;0
Gewest Brussels hoofdstedelijk gewest;HEELKUNDE;56;24;32;0;17;6;0;1;0;0;0;0;0;0;17;13;2;0;0;0;0;0;0
Gewest Brussels hoofdstedelijk gewest;NEUROCHIRURGIE;9;5;4;0;4;1;0;0;0;0;0;0;0;0;2;2;0;0;0;0;0;0;0
Gewest Brussels hoofdstedelijk gewest;PLASTISCHE, RECONSTRUCTIEVE EN ESTHETISCHE HEELKUNDE;13;7;6;0;3;2;2;0;0;0;0;0;0;0;2;4;0;0;0;0;0;0;0
Gewest Brussels hoofdstedelijk gewest;NEUROLOGIE;25;15;10;1;12;2;0;0;0;0;0;0;0;0;4;4;1;1;0;0;0;0;0
Gewest Brussels hoofdstedelijk gewest;GYNAECOLOGIE-VERLOSKUNDE;71;57;14;0;42;15;0;0;0;0;0;0;0;0;9;3;1;0;0;0;0;1;0
Gewest Brussels hoofdstedelijk gewest;OFTALMOLOGIE;28;21;7;1;16;4;0;0;0;0;0;0;0;0;6;1;0;0;0;0;0;0;0
Gewest Brussels hoofdstedelijk gewest;OTORHINOLARYNGOLOGIE;12;9;3;0;8;1;0;0;0;0;0;0;0;0;3;0;0;0;0;0;0;0;0
Gewest Brussels hoofdstedelijk gewest;UROLOGIE;19;4;15;0;4;0;0;0;0;0;0;0;0;0;12;3;0;0;0;0;0;0;0
Gewest Brussels hoofdstedelijk gewest;ORTHOPEDISCHE HEELKUNDE;28;2;26;0;2;0;0;0;0;0;0;0;0;0;14;10;2;0;0;0;0;0;0
Gewest Brussels hoofdstedelijk gewest;STOMATOLOGIE;10;3;7;0;3;0;0;0;0;0;0;0;0;0;5;2;0;0;0;0;0;0;0
Gewest Brussels hoofdstedelijk gewest;DERMATO-VENEREOLOGIE;17;16;1;1;14;1;0;0;0;0;0;0;0;0;1;0;0;0;0;0;0;0;0
Gewest Brussels hoofdstedelijk gewest;PNEUMOLOGIE;7;6;1;0;1;5;0;0;0;0;0;0;0;0;0;1;0;0;0;0;0;0;0
Gewest Brussels hoofdstedelijk gewest;GASTRO-ENTEROLOGIE;12;8;4;0;3;5;0;0;0;0;0;0;0;0;2;1;0;1;0;0;0;0;0
Gewest Brussels hoofdstedelijk gewest;PEDIATRIE;85;70;15;1;51;16;2;0;0;0;0;0;0;0;7;8;0;0;0;0;0;0;0
Gewest Brussels hoofdstedelijk gewest;CARDIOLOGIE;18;9;9;0;0;8;1;0;0;0;0;0;0;0;3;3;1;2;0;0;0;0;0
Gewest Brussels hoofdstedelijk gewest;FYSISCHE GENEESKUNDE EN REVALIDATIE;7;5;2;0;5;0;0;0;0;0;0;0;0;0;1;0;0;0;0;1;0;0;0
Gewest Brussels hoofdstedelijk gewest;KLINISCHE BIOLOGIE;13;10;3;0;7;2;0;0;0;1;0;0;0;0;2;1;0;0;0;0;0;0;0
Gewest Brussels hoofdstedelijk gewest;RONTGENDIAGNOSE;57;27;30;0;16;9;2;0;0;0;0;0;0;0;19;6;4;1;0;0;0;0;0
Gewest Brussels hoofdstedelijk gewest;RADIOTHERAPIE-ONCOLOGIE;11;8;3;0;1;5;0;2;0;0;0;0;0;0;2;1;0;0;0;0;0;0;0
Gewest Brussels hoofdstedelijk gewest;PSYCHIATRIE, MEER BEPAALD KINDER- EN JEUGDPSYCHIATRIE;20;18;2;0;14;4;0;0;0;0;0;0;0;0;2;0;0;0;0;0;0;0;0
Gewest Brussels hoofdstedelijk gewest;NUCLEAIRE GENEESKUNDE;8;3;5;0;1;2;0;0;0;0;0;0;0;0;3;2;0;0;0;0;0;0;0
Gewest Brussels hoofdstedelijk gewest;PATHOLOGISCHE ANATOMIE;10;10;0;0;9;1;0;0;0;0;0;0;0;0;0;0;0;0;0;0;0;0;0
Gewest Brussels hoofdstedelijk gewest;INWENDIGE GENEESKUNDE;119;71;48;0;55;14;1;1;0;0;0;0;0;1;39;8;0;0;0;0;0;0;0
Gewest Brussels hoofdstedelijk gewest;PSYCHIATRIE, MEER BEPAALD VOLWASSENPSYCHIATRIE;37;24;13;0;17;6;1;0;0;0;0;0;0;0;6;3;1;2;0;1;0;0;0
Gewest Brussels hoofdstedelijk gewest;GERECHTELIJKE GENEESKUNDE;1;1;0;0;1;0;0;0;0;0;0;0;0;0;0;0;0;0;0;0;0;0;0
Gewest Brussels hoofdstedelijk gewest;URGENTIEGENEESKUNE;41;28;13;0;18;9;1;0;0;0;0;0;0;0;8;3;1;1;0;0;0;0;0
Gewest Brussels hoofdstedelijk gewest;ACUTE GENEESKUNDE;13;5;8;0;2;2;0;0;0;0;1;0;0;0;3;4;0;0;1;0;0;0;0
Gewest Brussels hoofdstedelijk gewest;GERIATRIE;16;15;1;0;5;9;1;0;0;0;0;0;0;0;0;1;0;0;0;0;0;0;0
Gewest Brussels hoofdstedelijk gewest;MEDISCHE ONCOLOGIE;11;8;3;0;4;4;0;0;0;0;0;0;0;0;0;0;2;1;0;0;0;0;0
Prov Vlaams Brabant;ARBEIDSGENEESKUNDE;4;2;2;0;1;0;0;1;0;0;0;0;0;0;0;0;0;0;0;1;1;0;0
Prov Vlaams Brabant;ANESTHESIE-REANIMATIE;80;42;38;1;34;6;1;0;0;0;0;0;0;0;27;9;2;0;0;0;0;0;0
Prov Vlaams Brabant;HEELKUNDE;46;21;25;0;17;4;0;0;0;0;0;0;0;0;21;4;0;0;0;0;0;0;0
Prov Vlaams Brabant;NEUROCHIRURGIE;12;2;10;0;2;0;0;0;0;0;0;0;0;0;7;1;2;0;0;0;0;0;0
Prov Vlaams Brabant;PLASTISCHE, RECONSTRUCTIEVE EN ESTHETISCHE HEELKUNDE;9;5;4;0;4;1;0;0;0;0;0;0;0;0;4;0;0;0;0;0;0;0;0
Prov Vlaams Brabant;NEUROLOGIE;21;16;5;0;14;2;0;0;0;0;0;0;0;0;4;1;0;0;0;0;0;0;0
Prov Vlaams Brabant;GYNAECOLOGIE-VERLOSKUNDE;38;34;4;0;30;3;1;0;0;0;0;0;0;0;1;2;1;0;0;0;0;0;0
Prov Vlaams Brabant;OFTALMOLOGIE;19;15;4;0;15;0;0;0;0;0;0;0;0;0;4;0;0;0;0;0;0;0;0
Prov Vlaams Brabant;OTORHINOLARYNGOLOGIE;17;12;5;0;10;2;0;0;0;0;0;0;0;0;5;0;0;0;0;0;0;0;0
Prov Vlaams Brabant;UROLOGIE;13;3;10;0;1;2;0;0;0;0;0;0;0;0;5;5;0;0;0;0;0;0;0
Prov Vlaams Brabant;ORTHOPEDISCHE HEELKUNDE;33;7;26;0;7;0;0;0;0;0;0;0;0;1;20;5;0;0;0;0;0;0;0
Prov Vlaams Brabant;STOMATOLOGIE;11;6;5;1;4;1;0;0;0;0;0;0;0;0;5;0;0;0;0;0;0;0;0
Prov Vlaams Brabant;DERMATO-VENEREOLOGIE;12;10;2;0;10;0;0;0;0;0;0;0;0;0;1;1;0;0;0;0;0;0;0
Prov Vlaams Brabant;PNEUMOLOGIE;19;16;3;0;7;8;1;0;0;0;0;0;0;0;2;1;0;0;0;0;0;0;0
Prov Vlaams Brabant;GASTRO-ENTEROLOGIE;12;9;3;0;5;4;0;0;0;0;0;0;0;0;2;1;0;0;0;0;0;0;0
Prov Vlaams Brabant;PEDIATRIE;58;49;9;0;39;10;0;0;0;0;0;0;0;0;6;3;0;0;0;0;0;0;0
Prov Vlaams Brabant;CARDIOLOGIE;23;6;17;0;2;3;1;0;0;0;0;0;0;0;7;9;1;0;0;0;0;0;0
Prov Vlaams Brabant;FYSISCHE GENEESKUNDE EN REVALIDATIE;14;8;6;0;8;0;0;0;0;0;0;0;0;0;6;0;0;0;0;0;0;0;0
Prov Vlaams Brabant;KLINISCHE BIOLOGIE;8;6;2;0;6;0;0;0;0;0;0;0;0;0;2;0;0;0;0;0;0;0;0
Prov Vlaams Brabant;RONTGENDIAGNOSE;45;26;19;1;18;7;0;0;0;0;0;0;0;0;18;1;0;0;0;0;0;0;0
Prov Vlaams Brabant;RADIOTHERAPIE-ONCOLOGIE;16;11;5;0;9;2;0;0;0;0;0;0;0;0;3;1;1;0;0;0;0;0;0
Prov Vlaams Brabant;PSYCHIATRIE, MEER BEPAALD KINDER- EN JEUGDPSYCHIATRIE;25;24;1;0;17;5;0;2;0;0;0;0;0;0;1;0;0;0;0;0;0;0;0
Prov Vlaams Brabant;NUCLEAIRE GENEESKUNDE;9;5;4;0;4;1;0;0;0;0;0;0;0;0;3;1;0;0;0;0;0;0;0
Prov Vlaams Brabant;PATHOLOGISCHE ANATOMIE;9;8;1;0;8;0;0;0;0;0;0;0;0;0;1;0;0;0;0;0;0;0;0
Prov Vlaams Brabant;INWENDIGE GENEESKUNDE;110;65;45;0;52;13;0;0;0;0;0;0;0;2;40;2;1;0;0;0;0;0;0
Prov Vlaams Brabant;REUMATOLOGIE;4;2;2;0;1;1;0;0;0;0;0;0;0;0;1;1;0;0;0;0;0;0;0
Prov Vlaams Brabant;PSYCHIATRIE, MEER BEPAALD VOLWASSENPSYCHIATRIE;25;17;8;0;12;4;0;0;1;0;0;0;0;0;5;2;1;0;0;0;0;0;0
Prov Vlaams Brabant;GERECHTELIJKE GENEESKUNDE;1;1;0;0;1;0;0;0;0;0;0;0;0;0;0;0;0;0;0;0;0;0;0
Prov Vlaams Brabant;URGENTIEGENEESKUNE;21;9;12;0;5;3;1;0;0;0;0;0;0;0;7;3;1;0;1;0;0;0;0
Prov Vlaams Brabant;ACUTE GENEESKUNDE;14;9;5;0;6;2;1;0;0;0;0;0;0;0;2;1;1;1;0;0;0;0;0
Prov Vlaams Brabant;GERIATRIE;9;7;2;0;3;3;0;1;0;0;0;0;0;0;1;1;0;0;0;0;0;0;0
Prov Vlaams Brabant;MEDISCHE ONCOLOGIE;4;3;1;0;1;2;0;0;0;0;0;0;0;0;0;0;1;0;0;0;0;0;0
Prov West-Vlaanderen;ARBEIDSGENEESKUNDE;4;3;1;0;1;0;1;0;0;0;1;0;0;0;0;0;1;0;0;0;0;0;0
Prov West-Vlaanderen;ANESTHESIE-REANIMATIE;40;22;18;0;21;1;0;0;0;0;0;0;0;0;18;0;0;0;0;0;0;0;0
Prov West-Vlaanderen;HEELKUNDE;23;12;11;0;11;1;0;0;0;0;0;0;0;0;9;2;0;0;0;0;0;0;0
Prov West-Vlaanderen;NEUROCHIRURGIE;4;0;4;0;0;0;0;0;0;0;0;0;0;0;3;1;0;0;0;0;0;0;0
Prov West-Vlaanderen;PLASTISCHE, RECONSTRUCTIEVE EN ESTHETISCHE HEELKUNDE;2;1;1;0;1;0;0;0;0;0;0;0;0;0;0;0;1;0;0;0;0;0;0
Prov West-Vlaanderen;NEUROLOGIE;6;3;3;0;3;0;0;0;0;0;0;0;0;0;3;0;0;0;0;0;0;0;0
Prov West-Vlaanderen;GYNAECOLOGIE-VERLOSKUNDE;26;20;6;1;17;2;0;0;0;0;0;0;0;0;5;1;0;0;0;0;0;0;0
Prov West-Vlaanderen;OFTALMOLOGIE;7;5;2;0;4;1;0;0;0;0;0;0;0;0;2;0;0;0;0;0;0;0;0
Prov West-Vlaanderen;OTORHINOLARYNGOLOGIE;9;8;1;0;7;1;0;0;0;0;0;0;0;0;1;0;0;0;0;0;0;0;0
Prov West-Vlaanderen;UROLOGIE;11;6;5;0;6;0;0;0;0;0;0;0;0;0;5;0;0;0;0;0;0;0;0
Prov West-Vlaanderen;ORTHOPEDISCHE HEELKUNDE;12;3;9;0;2;1;0;0;0;0;0;0;0;0;6;2;1;0;0;0;0;0;0
Prov West-Vlaanderen;STOMATOLOGIE;3;0;3;0;0;0;0;0;0;0;0;0;0;0;2;1;0;0;0;0;0;0;0
Prov West-Vlaanderen;DERMATO-VENEREOLOGIE;4;3;1;0;3;0;0;0;0;0;0;0;0;0;1;0;0;0;0;0;0;0;0
Prov West-Vlaanderen;PNEUMOLOGIE;2;2;0;0;0;2;0;0;0;0;0;0;0;0;0;0;0;0;0;0;0;0;0
Prov West-Vlaanderen;GASTRO-ENTEROLOGIE;4;2;2;0;1;1;0;0;0;0;0;0;0;0;1;1;0;0;0;0;0;0;0
Prov West-Vlaanderen;PEDIATRIE;22;19;3;1;17;1;0;0;0;0;0;0;0;0;3;0;0;0;0;0;0;0;0
Prov West-Vlaanderen;CARDIOLOGIE;3;0;3;0;0;0;0;0;0;0;0;0;0;0;1;2;0;0;0;0;0;0;0
Prov West-Vlaanderen;FYSISCHE GENEESKUNDE EN REVALIDATIE;8;4;4;0;4;0;0;0;0;0;0;0;0;0;4;0;0;0;0;0;0;0;0
Prov West-Vlaanderen;KLINISCHE BIOLOGIE;3;2;1;0;2;0;0;0;0;0;0;0;0;0;1;0;0;0;0;0;0;0;0
Prov West-Vlaanderen;RONTGENDIAGNOSE;25;9;16;0;7;1;1;0;0;0;0;0;0;0;16;0;0;0;0;0;0;0;0
Prov West-Vlaanderen;RADIOTHERAPIE-ONCOLOGIE;1;1;0;0;1;0;0;0;0;0;0;0;0;0;0;0;0;0;0;0;0;0;0
Prov West-Vlaanderen;PSYCHIATRIE, MEER BEPAALD KINDER- EN JEUGDPSYCHIATRIE;7;5;2;0;4;0;1;0;0;0;0;0;0;1;1;0;0;0;0;0;0;0;0
Prov West-Vlaanderen;NUCLEAIRE GENEESKUNDE;2;1;1;0;1;0;0;0;0;0;0;0;0;0;1;0;0;0;0;0;0;0;0
Prov West-Vlaanderen;PATHOLOGISCHE ANATOMIE;2;2;0;0;2;0;0;0;0;0;0;0;0;0;0;0;0;0;0;0;0;0;0
Prov West-Vlaanderen;INWENDIGE GENEESKUNDE;43;20;23;0;19;1;0;0;0;0;0;0;0;0;22;1;0;0;0;0;0;0;0
Prov West-Vlaanderen;REUMATOLOGIE;1;1;0;0;0;1;0;0;0;0;0;0;0;0;0;0;0;0;0;0;0;0;0
Prov West-Vlaanderen;PSYCHIATRIE, MEER BEPAALD VOLWASSENPSYCHIATRIE;14;9;5;0;9;0;0;0;0;0;0;0;0;0;5;0;0;0;0;0;0;0;0
Prov West-Vlaanderen;GERECHTELIJKE GENEESKUNDE;1;1;0;0;1;0;0;0;0;0;0;0;0;0;0;0;0;0;0;0;0;0;0
Prov West-Vlaanderen;URGENTIEGENEESKUNE;12;5;7;0;5;0;0;0;0;0;0;0;0;0;7;0;0;0;0;0;0;0;0
Prov West-Vlaanderen;ACUTE GENEESKUNDE;3;2;1;0;1;0;1;0;0;0;0;0;0;0;1;0;0;0;0;0;0;0;0
Prov West-Vlaanderen;GERIATRIE;3;2;1;0;1;1;0;0;0;0;0;0;0;0;1;0;0;0;0;0;0;0;0
Prov West-Vlaanderen;MEDISCHE ONCOLOGIE;2;2;0;0;1;1;0;0;0;0;0;0;0;0;0;0;0;0;0;0;0;0;0
Prov Oost-Vlaanderen;ARBEIDSGENEESKUNDE;6;5;1;0;2;0;0;1;1;1;0;0;0;0;0;0;1;0;0;0;0;0;0
Prov Oost-Vlaanderen;ANESTHESIE-REANIMATIE;51;25;26;0;21;3;1;0;0;0;0;0;0;0;24;1;1;0;0;0;0;0;0
Prov Oost-Vlaanderen;HEELKUNDE;47;18;29;0;16;2;0;0;0;0;0;0;0;0;24;3;2;0;0;0;0;0;0
Prov Oost-Vlaanderen;NEUROCHIRURGIE;6;0;6;0;0;0;0;0;0;0;0;0;0;0;5;1;0;0;0;0;0;0;0
Prov Oost-Vlaanderen;PLASTISCHE, RECONSTRUCTIEVE EN ESTHETISCHE HEELKUNDE;7;3;4;0;1;2;0;0;0;0;0;0;0;0;4;0;0;0;0;0;0;0;0
Prov Oost-Vlaanderen;NEUROLOGIE;19;13;6;0;12;1;0;0;0;0;0;0;0;0;3;3;0;0;0;0;0;0;0
Prov Oost-Vlaanderen;GYNAECOLOGIE-VERLOSKUNDE;30;27;3;0;22;5;0;0;0;0;0;0;0;0;1;2;0;0;0;0;0;0;0
Prov Oost-Vlaanderen;OFTALMOLOGIE;15;12;3;0;12;0;0;0;0;0;0;0;0;0;2;1;0;0;0;0;0;0;0
Prov Oost-Vlaanderen;OTORHINOLARYNGOLOGIE;15;11;4;0;8;3;0;0;0;0;0;0;0;0;3;1;0;0;0;0;0;0;0
Prov Oost-Vlaanderen;UROLOGIE;18;8;10;1;5;2;0;0;0;0;0;0;0;0;9;1;0;0;0;0;0;0;0
Prov Oost-Vlaanderen;ORTHOPEDISCHE HEELKUNDE;28;6;22;0;6;0;0;0;0;0;0;0;0;0;15;5;2;0;0;0;0;0;0
Prov Oost-Vlaanderen;STOMATOLOGIE;1;1;0;0;1;0;0;0;0;0;0;0;0;0;0;0;0;0;0;0;0;0;0
Prov Oost-Vlaanderen;DERMATO-VENEREOLOGIE;12;10;2;0;7;3;0;0;0;0;0;0;0;0;2;0;0;0;0;0;0;0;0
Prov Oost-Vlaanderen;PNEUMOLOGIE;9;8;1;0;4;4;0;0;0;0;0;0;0;0;0;1;0;0;0;0;0;0;0
Prov Oost-Vlaanderen;GASTRO-ENTEROLOGIE;9;7;2;0;5;1;1;0;0;0;0;0;0;0;1;1;0;0;0;0;0;0;0
Prov Oost-Vlaanderen;PEDIATRIE;39;32;7;0;30;2;0;0;0;0;0;0;0;0;6;1;0;0;0;0;0;0;0
Prov Oost-Vlaanderen;CARDIOLOGIE;16;8;8;0;6;1;0;1;0;0;0;0;0;0;5;2;0;1;0;0;0;0;0
Prov Oost-Vlaanderen;FYSISCHE GENEESKUNDE EN REVALIDATIE;15;8;7;0;7;1;0;0;0;0;0;0;0;0;7;0;0;0;0;0;0;0;0
Prov Oost-Vlaanderen;KLINISCHE BIOLOGIE;4;2;2;0;1;1;0;0;0;0;0;0;0;0;1;1;0;0;0;0;0;0;0
Prov Oost-Vlaanderen;RONTGENDIAGNOSE;36;13;23;0;10;2;1;0;0;0;0;0;0;0;19;3;0;1;0;0;0;0;0
Prov Oost-Vlaanderen;RADIOTHERAPIE-ONCOLOGIE;3;2;1;0;1;0;0;1;0;0;0;0;0;0;1;0;0;0;0;0;0;0;0
Prov Oost-Vlaanderen;PSYCHIATRIE, MEER BEPAALD KINDER- EN JEUGDPSYCHIATRIE;17;15;2;0;12;3;0;0;0;0;0;0;0;0;2;0;0;0;0;0;0;0;0
Prov Oost-Vlaanderen;NUCLEAIRE GENEESKUNDE;5;3;2;0;3;0;0;0;0;0;0;0;0;0;2;0;0;0;0;0;0;0;0
Prov Oost-Vlaanderen;PATHOLOGISCHE ANATOMIE;8;5;3;0;3;1;1;0;0;0;0;0;0;0;2;0;1;0;0;0;0;0;0
Prov Oost-Vlaanderen;INWENDIGE GENEESKUNDE;93;64;29;0;53;11;0;0;0;0;0;0;0;0;25;4;0;0;0;0;0;0;0
Prov Oost-Vlaanderen;REUMATOLOGIE;5;3;2;0;1;2;0;0;0;0;0;0;0;0;1;1;0;0;0;0;0;0;0
Prov Oost-Vlaanderen;PSYCHIATRIE, MEER BEPAALD VOLWASSENPSYCHIATRIE;19;16;3;0;14;2;0;0;0;0;0;0;0;0;2;0;0;1;0;0;0;0;0
Prov Oost-Vlaanderen;GERECHTELIJKE GENEESKUNDE;1;1;0;0;0;1;0;0;0;0;0;0;0;0;0;0;0;0;0;0;0;0;0
Prov Oost-Vlaanderen;URGENTIEGENEESKUNE;19;11;8;0;8;2;1;0;0;0;0;0;0;0;6;2;0;0;0;0;0;0;0
Prov Oost-Vlaanderen;ACUTE GENEESKUNDE;7;2;5;0;1;0;1;0;0;0;0;0;0;0;3;0;0;1;0;0;0;1;0
Prov Oost-Vlaanderen;GERIATRIE;7;6;1;0;4;2;0;0;0;0;0;0;0;0;1;0;0;0;0;0;0;0;0
Prov Oost-Vlaanderen;MEDISCHE ONCOLOGIE;4;4;0;0;2;2;0;0;0;0;0;0;0;0;0;0;0;0;0;0;0;0;0
Prov Antwerpen;ARBEIDSGENEESKUNDE;3;2;1;0;0;1;1;0;0;0;0;0;0;0;1;0;0;0;0;0;0;0;0
Prov Antwerpen;ANESTHESIE-REANIMATIE;74;46;28;0;38;8;0;0;0;0;0;0;0;0;22;4;0;1;1;0;0;0;0
Prov Antwerpen;HEELKUNDE;44;18;26;0;15;3;0;0;0;0;0;0;0;0;18;7;1;0;0;0;0;0;0
Prov Antwerpen;NEUROCHIRURGIE;9;3;6;0;3;0;0;0;0;0;0;0;0;0;4;2;0;0;0;0;0;0;0
Prov Antwerpen;PLASTISCHE, RECONSTRUCTIEVE EN ESTHETISCHE HEELKUNDE;7;5;2;0;4;1;0;0;0;0;0;0;0;0;2;0;0;0;0;0;0;0;0
Prov Antwerpen;NEUROLOGIE;16;10;6;0;8;2;0;0;0;0;0;0;0;1;4;1;0;0;0;0;0;0;0
Prov Antwerpen;GYNAECOLOGIE-VERLOSKUNDE;44;38;6;0;27;9;2;0;0;0;0;0;0;0;4;2;0;0;0;0;0;0;0
Prov Antwerpen;OFTALMOLOGIE;15;11;4;0;11;0;0;0;0;0;0;0;0;0;4;0;0;0;0;0;0;0;0
Prov Antwerpen;OTORHINOLARYNGOLOGIE;9;8;1;0;6;2;0;0;0;0;0;0;0;0;1;0;0;0;0;0;0;0;0
Prov Antwerpen;UROLOGIE;18;8;10;0;5;2;1;0;0;0;0;0;0;0;6;4;0;0;0;0;0;0;0
Prov Antwerpen;ORTHOPEDISCHE HEELKUNDE;32;7;25;0;5;2;0;0;0;0;0;0;0;0;16;6;3;0;0;0;0;0;0
Prov Antwerpen;STOMATOLOGIE;4;1;3;0;0;1;0;0;0;0;0;0;0;0;3;0;0;0;0;0;0;0;0
Prov Antwerpen;DERMATO-VENEREOLOGIE;8;7;1;0;7;0;0;0;0;0;0;0;0;0;1;0;0;0;0;0;0;0;0
Prov Antwerpen;PNEUMOLOGIE;9;3;6;0;3;0;0;0;0;0;0;0;0;0;5;1;0;0;0;0;0;0;0
Prov Antwerpen;GASTRO-ENTEROLOGIE;15;10;5;0;5;5;0;0;0;0;0;0;0;0;3;2;0;0;0;0;0;0;0
Prov Antwerpen;PEDIATRIE;40;31;9;0;26;4;1;0;0;0;0;0;0;0;9;0;0;0;0;0;0;0;0
Prov Antwerpen;CARDIOLOGIE;22;9;13;0;8;1;0;0;0;0;0;0;0;0;11;2;0;0;0;0;0;0;0
Prov Antwerpen;FYSISCHE GENEESKUNDE EN REVALIDATIE;8;5;3;0;4;1;0;0;0;0;0;0;0;0;2;1;0;0;0;0;0;0;0
Prov Antwerpen;KLINISCHE BIOLOGIE;9;7;2;1;3;2;1;0;0;0;0;0;0;0;2;0;0;0;0;0;0;0;0
Prov Antwerpen;RONTGENDIAGNOSE;30;11;19;0;7;2;0;1;1;0;0;0;0;0;13;4;1;1;0;0;0;0;0
Prov Antwerpen;RADIOTHERAPIE-ONCOLOGIE;8;3;5;0;3;0;0;0;0;0;0;0;0;0;2;3;0;0;0;0;0;0;0
Prov Antwerpen;PSYCHIATRIE, MEER BEPAALD KINDER- EN JEUGDPSYCHIATRIE;15;14;1;0;14;0;0;0;0;0;0;0;0;0;1;0;0;0;0;0;0;0;0
Prov Antwerpen;NUCLEAIRE GENEESKUNDE;3;0;3;0;0;0;0;0;0;0;0;0;0;0;3;0;0;0;0;0;0;0;0
Prov Antwerpen;PATHOLOGISCHE ANATOMIE;5;4;1;0;2;0;1;1;0;0;0;0;0;0;1;0;0;0;0;0;0;0;0
Prov Antwerpen;INWENDIGE GENEESKUNDE;77;42;35;0;37;5;0;0;0;0;0;0;0;0;29;4;0;0;2;0;0;0;0
Prov Antwerpen;REUMATOLOGIE;2;2;0;0;2;0;0;0;0;0;0;0;0;0;0;0;0;0;0;0;0;0;0
Prov Antwerpen;PSYCHIATRIE, MEER BEPAALD VOLWASSENPSYCHIATRIE;27;17;10;0;14;1;1;0;1;0;0;0;0;0;8;2;0;0;0;0;0;0;0
Prov Antwerpen;GERECHTELIJKE GENEESKUNDE;1;1;0;0;1;0;0;0;0;0;0;0;0;0;0;0;0;0;0;0;0;0;0
Prov Antwerpen;URGENTIEGENEESKUNE;26;18;8;0;15;3;0;0;0;0;0;0;0;0;5;2;1;0;0;0;0;0;0
Prov Antwerpen;ACUTE GENEESKUNDE;16;8;8;0;5;2;0;1;0;0;0;0;0;0;5;0;0;1;1;1;0;0;0
Prov Antwerpen;GERIATRIE;5;3;2;0;2;1;0;0;0;0;0;0;0;0;1;1;0;0;0;0;0;0;0
Prov Antwerpen;MEDISCHE ONCOLOGIE;7;1;6;0;1;0;0;0;0;0;0;0;0;0;4;2;0;0;0;0;0;0;0
Prov Limburg;ANESTHESIE-REANIMATIE;22;12;10;0;11;0;1;0;0;0;0;0;0;0;9;0;1;0;0;0;0;0;0
Prov Limburg;HEELKUNDE;15;7;8;0;7;0;0;0;0;0;0;0;0;0;5;3;0;0;0;0;0;0;0
Prov Limburg;NEUROCHIRURGIE;2;1;1;0;1;0;0;0;0;0;0;0;0;0;1;0;0;0;0;0;0;0;0
Prov Limburg;PLASTISCHE, RECONSTRUCTIEVE EN ESTHETISCHE HEELKUNDE;1;0;1;0;0;0;0;0;0;0;0;0;0;0;0;1;0;0;0;0;0;0;0
Prov Limburg;NEUROLOGIE;1;1;0;0;1;0;0;0;0;0;0;0;0;0;0;0;0;0;0;0;0;0;0
Prov Limburg;GYNAECOLOGIE-VERLOSKUNDE;14;13;1;0;12;1;0;0;0;0;0;0;0;0;1;0;0;0;0;0;0;0;0
Prov Limburg;OFTALMOLOGIE;3;3;0;0;3;0;0;0;0;0;0;0;0;0;0;0;0;0;0;0;0;0;0
Prov Limburg;OTORHINOLARYNGOLOGIE;5;4;1;0;3;1;0;0;0;0;0;0;0;0;1;0;0;0;0;0;0;0;0
Prov Limburg;UROLOGIE;5;2;3;0;2;0;0;0;0;0;0;0;0;0;3;0;0;0;0;0;0;0;0
Prov Limburg;ORTHOPEDISCHE HEELKUNDE;8;2;6;0;2;0;0;0;0;0;0;0;0;0;5;0;1;0;0;0;0;0;0
Prov Limburg;STOMATOLOGIE;1;0;1;0;0;0;0;0;0;0;0;0;0;0;1;0;0;0;0;0;0;0;0
Prov Limburg;DERMATO-VENEREOLOGIE;3;2;1;0;2;0;0;0;0;0;0;0;0;0;1;0;0;0;0;0;0;0;0
Prov Limburg;PNEUMOLOGIE;4;2;2;0;0;2;0;0;0;0;0;0;0;0;0;2;0;0;0;0;0;0;0
Prov Limburg;GASTRO-ENTEROLOGIE;2;1;1;0;0;1;0;0;0;0;0;0;0;0;1;0;0;0;0;0;0;0;0
Prov Limburg;PEDIATRIE;6;5;1;0;5;0;0;0;0;0;0;0;0;0;0;1;0;0;0;0;0;0;0
Prov Limburg;CARDIOLOGIE;4;1;3;0;1;0;0;0;0;0;0;0;0;0;2;1;0;0;0;0;0;0;0
Prov Limburg;FYSISCHE GENEESKUNDE EN REVALIDATIE;3;2;1;0;1;1;0;0;0;0;0;0;0;0;1;0;0;0;0;0;0;0;0
Prov Limburg;KLINISCHE BIOLOGIE;1;1;0;0;1;0;0;0;0;0;0;0;0;0;0;0;0;0;0;0;0;0;0
Prov Limburg;RONTGENDIAGNOSE;6;2;4;0;2;0;0;0;0;0;0;0;0;1;3;0;0;0;0;0;0;0;0
Prov Limburg;PSYCHIATRIE, MEER BEPAALD KINDER- EN JEUGDPSYCHIATRIE;8;7;1;0;6;0;1;0;0;0;0;0;0;0;1;0;0;0;0;0;0;0;0
Prov Limburg;NUCLEAIRE GENEESKUNDE;3;2;1;0;1;1;0;0;0;0;0;0;0;0;1;0;0;0;0;0;0;0;0
Prov Limburg;PATHOLOGISCHE ANATOMIE;4;4;0;0;2;2;0;0;0;0;0;0;0;0;0;0;0;0;0;0;0;0;0
Prov Limburg;INWENDIGE GENEESKUNDE;26;14;12;0;13;1;0;0;0;0;0;0;0;1;9;1;1;0;0;0;0;0;0
Prov Limburg;REUMATOLOGIE;1;1;0;0;1;0;0;0;0;0;0;0;0;0;0;0;0;0;0;0;0;0;0
Prov Limburg;PSYCHIATRIE, MEER BEPAALD VOLWASSENPSYCHIATRIE;5;5;0;0;4;1;0;0;0;0;0;0;0;0;0;0;0;0;0;0;0;0;0
Prov Limburg;GERECHTELIJKE GENEESKUNDE;1;1;0;0;1;0;0;0;0;0;0;0;0;0;0;0;0;0;0;0;0;0;0
Prov Limburg;URGENTIEGENEESKUNE;6;5;1;0;2;3;0;0;0;0;0;0;0;0;1;0;0;0;0;0;0;0;0
Prov Limburg;ACUTE GENEESKUNDE;4;3;1;0;3;0;0;0;0;0;0;0;0;0;0;1;0;0;0;0;0;0;0
Prov Waals Brabant;ANESTHESIE-REANIMATIE;15;10;5;0;9;1;0;0;0;0;0;0;0;0;3;1;1;0;0;0;0;0;0
Prov Waals Brabant;HEELKUNDE;5;3;2;0;2;1;0;0;0;0;0;0;0;0;2;0;0;0;0;0;0;0;0
Prov Waals Brabant;NEUROCHIRURGIE;1;0;1;0;0;0;0;0;0;0;0;0;0;0;1;0;0;0;0;0;0;0;0
Prov Waals Brabant;NEUROLOGIE;3;1;2;0;1;0;0;0;0;0;0;0;0;0;2;0;0;0;0;0;0;0;0
Prov Waals Brabant;GYNAECOLOGIE-VERLOSKUNDE;12;11;1;1;9;0;0;1;0;0;0;0;0;0;1;0;0;0;0;0;0;0;0
Prov Waals Brabant;OFTALMOLOGIE;2;0;2;0;0;0;0;0;0;0;0;0;0;0;2;0;0;0;0;0;0;0;0
Prov Waals Brabant;OTORHINOLARYNGOLOGIE;2;2;0;0;2;0;0;0;0;0;0;0;0;0;0;0;0;0;0;0;0;0;0
Prov Waals Brabant;ORTHOPEDISCHE HEELKUNDE;9;4;5;0;2;2;0;0;0;0;0;0;0;0;4;1;0;0;0;0;0;0;0
Prov Waals Brabant;STOMATOLOGIE;2;1;1;0;1;0;0;0;0;0;0;0;0;0;1;0;0;0;0;0;0;0;0
Prov Waals Brabant;DERMATO-VENEREOLOGIE;4;4;0;0;4;0;0;0;0;0;0;0;0;0;0;0;0;0;0;0;0;0;0
Prov Waals Brabant;PNEUMOLOGIE;2;2;0;0;0;2;0;0;0;0;0;0;0;0;0;0;0;0;0;0;0;0;0
Prov Waals Brabant;PEDIATRIE;22;17;5;0;15;2;0;0;0;0;0;0;0;0;4;1;0;0;0;0;0;0;0
Prov Waals Brabant;CARDIOLOGIE;3;2;1;0;1;1;0;0;0;0;0;0;0;0;1;0;0;0;0;0;0;0;0
Prov Waals Brabant;FYSISCHE GENEESKUNDE EN REVALIDATIE;4;4;0;0;3;1;0;0;0;0;0;0;0;0;0;0;0;0;0;0;0;0;0
Prov Waals Brabant;KLINISCHE BIOLOGIE;4;4;0;0;3;0;0;1;0;0;0;0;0;0;0;0;0;0;0;0;0;0;0
Prov Waals Brabant;RONTGENDIAGNOSE;7;3;4;0;3;0;0;0;0;0;0;0;0;0;4;0;0;0;0;0;0;0;0
Prov Waals Brabant;RADIOTHERAPIE-ONCOLOGIE;1;0;1;0;0;0;0;0;0;0;0;0;0;0;1;0;0;0;0;0;0;0;0
Prov Waals Brabant;PSYCHIATRIE, MEER BEPAALD KINDER- EN JEUGDPSYCHIATRIE;2;2;0;0;0;2;0;0;0;0;0;0;0;0;0;0;0;0;0;0;0;0;0
Prov Waals Brabant;PATHOLOGISCHE ANATOMIE;1;1;0;0;1;0;0;0;0;0;0;0;0;0;0;0;0;0;0;0;0;0;0
Prov Waals Brabant;INWENDIGE GENEESKUNDE;20;11;9;0;11;0;0;0;0;0;0;0;0;1;7;1;0;0;0;0;0;0;0
Prov Waals Brabant;PSYCHIATRIE, MEER BEPAALD VOLWASSENPSYCHIATRIE;5;4;1;0;3;0;0;0;1;0;0;0;0;0;1;0;0;0;0;0;0;0;0
Prov Waals Brabant;URGENTIEGENEESKUNE;10;5;5;0;3;2;0;0;0;0;0;0;0;0;2;1;1;1;0;0;0;0;0
Prov Waals Brabant;ACUTE GENEESKUNDE;1;1;0;0;0;0;1;0;0;0;0;0;0;0;0;0;0;0;0;0;0;0;0
Prov Waals Brabant;GERIATRIE;3;3;0;0;2;1;0;0;0;0;0;0;0;0;0;0;0;0;0;0;0;0;0
Prov Waals Brabant;MEDISCHE ONCOLOGIE;3;3;0;0;1;2;0;0;0;0;0;0;0;0;0;0;0;0;0;0;0;0;0
Prov Henegouwen;ANESTHESIE-REANIMATIE;19;12;7;0;8;3;1;0;0;0;0;0;0;0;4;3;0;0;0;0;0;0;0
Prov Henegouwen;HEELKUNDE;22;11;11;0;8;2;1;0;0;0;0;0;0;0;10;1;0;0;0;0;0;0;0
Prov Henegouwen;NEUROCHIRURGIE;3;1;2;0;1;0;0;0;0;0;0;0;0;0;2;0;0;0;0;0;0;0;0
Prov Henegouwen;PLASTISCHE, RECONSTRUCTIEVE EN ESTHETISCHE HEELKUNDE;1;1;0;0;1;0;0;0;0;0;0;0;0;0;0;0;0;0;0;0;0;0;0
Prov Henegouwen;NEUROLOGIE;3;3;0;1;1;1;0;0;0;0;0;0;0;0;0;0;0;0;0;0;0;0;0
Prov Henegouwen;GYNAECOLOGIE-VERLOSKUNDE;15;14;1;0;14;0;0;0;0;0;0;0;0;0;1;0;0;0;0;0;0;0;0
Prov Henegouwen;OFTALMOLOGIE;3;3;0;0;3;0;0;0;0;0;0;0;0;0;0;0;0;0;0;0;0;0;0
Prov Henegouwen;OTORHINOLARYNGOLOGIE;5;5;0;0;4;1;0;0;0;0;0;0;0;0;0;0;0;0;0;0;0;0;0
Prov Henegouwen;UROLOGIE;4;0;4;0;0;0;0;0;0;0;0;0;0;0;3;1;0;0;0;0;0;0;0
Prov Henegouwen;ORTHOPEDISCHE HEELKUNDE;10;1;9;0;1;0;0;0;0;0;0;0;0;1;7;1;0;0;0;0;0;0;0
Prov Henegouwen;STOMATOLOGIE;2;2;0;0;1;1;0;0;0;0;0;0;0;0;0;0;0;0;0;0;0;0;0
Prov Henegouwen;DERMATO-VENEREOLOGIE;5;5;0;0;5;0;0;0;0;0;0;0;0;0;0;0;0;0;0;0;0;0;0
Prov Henegouwen;GASTRO-ENTEROLOGIE;3;3;0;0;2;1;0;0;0;0;0;0;0;0;0;0;0;0;0;0;0;0;0
Prov Henegouwen;PEDIATRIE;22;19;3;0;17;1;1;0;0;0;0;0;0;0;3;0;0;0;0;0;0;0;0
Prov Henegouwen;CARDIOLOGIE;3;1;2;0;0;1;0;0;0;0;0;0;0;0;1;1;0;0;0;0;0;0;0
Prov Henegouwen;FYSISCHE GENEESKUNDE EN REVALIDATIE;4;2;2;0;2;0;0;0;0;0;0;0;0;0;2;0;0;0;0;0;0;0;0
Prov Henegouwen;KLINISCHE BIOLOGIE;2;0;2;0;0;0;0;0;0;0;0;0;0;0;2;0;0;0;0;0;0;0;0
Prov Henegouwen;RONTGENDIAGNOSE;10;4;6;1;3;0;0;0;0;0;0;0;0;0;6;0;0;0;0;0;0;0;0
Prov Henegouwen;RADIOTHERAPIE-ONCOLOGIE;1;1;0;0;1;0;0;0;0;0;0;0;0;0;0;0;0;0;0;0;0;0;0
Prov Henegouwen;PSYCHIATRIE, MEER BEPAALD KINDER- EN JEUGDPSYCHIATRIE;6;5;1;0;2;1;1;0;1;0;0;0;0;0;0;0;0;0;1;0;0;0;0
Prov Henegouwen;PATHOLOGISCHE ANATOMIE;3;2;1;0;2;0;0;0;0;0;0;0;0;0;1;0;0;0;0;0;0;0;0
Prov Henegouwen;INWENDIGE GENEESKUNDE;35;23;12;1;21;0;1;0;0;0;0;0;0;0;10;2;0;0;0;0;0;0;0
Prov Henegouwen;PSYCHIATRIE, MEER BEPAALD VOLWASSENPSYCHIATRIE;4;2;2;0;2;0;0;0;0;0;0;0;0;0;2;0;0;0;0;0;0;0;0
Prov Henegouwen;URGENTIEGENEESKUNE;13;5;8;0;5;0;0;0;0;0;0;0;0;0;3;1;1;1;2;0;0;0;0
Prov Henegouwen;GERIATRIE;8;8;0;1;5;0;0;0;0;2;0;0;0;0;0;0;0;0;0;0;0;0;0
Prov Henegouwen;MEDISCHE ONCOLOGIE;1;0;1;0;0;0;0;0;0;0;0;0;0;0;0;1;0;0;0;0;0;0;0
Prov Luik;ANESTHESIE-REANIMATIE;49;21;28;0;17;4;0;0;0;0;0;0;0;0;21;5;1;1;0;0;0;0;0
Prov Luik;HEELKUNDE;26;12;14;0;11;1;0;0;0;0;0;0;0;0;9;3;2;0;0;0;0;0;0
Prov Luik;NEUROCHIRURGIE;9;2;7;0;1;1;0;0;0;0;0;0;0;0;6;0;1;0;0;0;0;0;0
Prov Luik;PLASTISCHE, RECONSTRUCTIEVE EN ESTHETISCHE HEELKUNDE;7;2;5;0;1;1;0;0;0;0;0;0;0;0;4;1;0;0;0;0;0;0;0
Prov Luik;NEUROLOGIE;16;7;9;0;6;1;0;0;0;0;0;0;0;0;9;0;0;0;0;0;0;0;0
Prov Luik;GYNAECOLOGIE-VERLOSKUNDE;30;24;6;0;23;1;0;0;0;0;0;0;0;0;4;2;0;0;0;0;0;0;0
Prov Luik;OFTALMOLOGIE;16;11;5;0;11;0;0;0;0;0;0;0;0;0;5;0;0;0;0;0;0;0;0
Prov Luik;OTORHINOLARYNGOLOGIE;8;4;4;0;3;1;0;0;0;0;0;0;0;0;4;0;0;0;0;0;0;0;0
Prov Luik;UROLOGIE;8;2;6;0;2;0;0;0;0;0;0;0;0;0;5;1;0;0;0;0;0;0;0
Prov Luik;ORTHOPEDISCHE HEELKUNDE;16;5;11;0;4;0;0;1;0;0;0;0;0;0;6;3;1;0;0;1;0;0;0
Prov Luik;STOMATOLOGIE;1;1;0;0;1;0;0;0;0;0;0;0;0;0;0;0;0;0;0;0;0;0;0
Prov Luik;DERMATO-VENEREOLOGIE;9;9;0;0;7;2;0;0;0;0;0;0;0;0;0;0;0;0;0;0;0;0;0
Prov Luik;PNEUMOLOGIE;8;5;3;0;4;0;1;0;0;0;0;0;0;0;2;1;0;0;0;0;0;0;0
Prov Luik;GASTRO-ENTEROLOGIE;18;14;4;0;12;2;0;0;0;0;0;0;0;0;2;1;1;0;0;0;0;0;0
Prov Luik;PEDIATRIE;42;36;6;0;34;2;0;0;0;0;0;0;0;0;5;1;0;0;0;0;0;0;0
Prov Luik;CARDIOLOGIE;17;11;6;0;8;3;0;0;0;0;0;0;0;0;5;1;0;0;0;0;0;0;0
Prov Luik;FYSISCHE GENEESKUNDE EN REVALIDATIE;8;4;4;0;4;0;0;0;0;0;0;0;0;0;3;1;0;0;0;0;0;0;0
Prov Luik;KLINISCHE BIOLOGIE;1;1;0;0;0;1;0;0;0;0;0;0;0;0;0;0;0;0;0;0;0;0;0
Prov Luik;RONTGENDIAGNOSE;23;6;17;0;5;1;0;0;0;0;0;0;0;0;12;4;1;0;0;0;0;0;0
Prov Luik;RADIOTHERAPIE-ONCOLOGIE;2;1;1;0;1;0;0;0;0;0;0;0;0;0;1;0;0;0;0;0;0;0;0
Prov Luik;PSYCHIATRIE, MEER BEPAALD KINDER- EN JEUGDPSYCHIATRIE;9;7;2;0;5;2;0;0;0;0;0;0;0;0;2;0;0;0;0;0;0;0;0
Prov Luik;NUCLEAIRE GENEESKUNDE;4;2;2;0;2;0;0;0;0;0;0;0;0;0;1;1;0;0;0;0;0;0;0
Prov Luik;PATHOLOGISCHE ANATOMIE;5;3;2;0;2;1;0;0;0;0;0;0;0;0;2;0;0;0;0;0;0;0;0
Prov Luik;INWENDIGE GENEESKUNDE;26;17;9;0;16;0;1;0;0;0;0;0;0;0;9;0;0;0;0;0;0;0;0
Prov Luik;REUMATOLOGIE;2;1;1;0;1;0;0;0;0;0;0;0;0;0;1;0;0;0;0;0;0;0;0
Prov Luik;PSYCHIATRIE, MEER BEPAALD VOLWASSENPSYCHIATRIE;15;9;6;0;5;4;0;0;0;0;0;0;0;0;4;1;0;0;1;0;0;0;0
Prov Luik;URGENTIEGENEESKUNE;34;13;21;0;9;2;0;2;0;0;0;0;0;0;6;9;3;2;1;0;0;0;0
Prov Luik;ACUTE GENEESKUNDE;2;0;2;0;0;0;0;0;0;0;0;0;0;0;0;0;1;1;0;0;0;0;0
Prov Luik;GERIATRIE;9;9;0;0;7;1;1;0;0;0;0;0;0;0;0;0;0;0;0;0;0;0;0
Prov Luik;MEDISCHE ONCOLOGIE;7;6;1;0;4;1;0;1;0;0;0;0;0;0;1;0;0;0;0;0;0;0;0
Prov Namen;ARBEIDSGENEESKUNDE;1;1;0;0;0;1;0;0;0;0;0;0;0;0;0;0;0;0;0;0;0;0;0
Prov Namen;ANESTHESIE-REANIMATIE;13;7;6;0;7;0;0;0;0;0;0;0;0;0;4;2;0;0;0;0;0;0;0
Prov Namen;HEELKUNDE;7;5;2;0;4;0;1;0;0;0;0;0;0;0;1;1;0;0;0;0;0;0;0
Prov Namen;NEUROCHIRURGIE;1;0;1;0;0;0;0;0;0;0;0;0;0;0;1;0;0;0;0;0;0;0;0
Prov Namen;PLASTISCHE, RECONSTRUCTIEVE EN ESTHETISCHE HEELKUNDE;1;0;1;0;0;0;0;0;0;0;0;0;0;0;1;0;0;0;0;0;0;0;0
Prov Namen;NEUROLOGIE;1;1;0;0;1;0;0;0;0;0;0;0;0;0;0;0;0;0;0;0;0;0;0
Prov Namen;GYNAECOLOGIE-VERLOSKUNDE;5;5;0;0;4;1;0;0;0;0;0;0;0;0;0;0;0;0;0;0;0;0;0
Prov Namen;OFTALMOLOGIE;3;2;1;0;2;0;0;0;0;0;0;0;0;0;1;0;0;0;0;0;0;0;0
Prov Namen;OTORHINOLARYNGOLOGIE;5;3;2;0;3;0;0;0;0;0;0;0;0;0;1;1;0;0;0;0;0;0;0
Prov Namen;UROLOGIE;1;0;1;0;0;0;0;0;0;0;0;0;0;0;0;1;0;0;0;0;0;0;0
Prov Namen;ORTHOPEDISCHE HEELKUNDE;8;1;7;0;0;1;0;0;0;0;0;0;0;0;5;2;0;0;0;0;0;0;0
Prov Namen;STOMATOLOGIE;3;0;3;0;0;0;0;0;0;0;0;0;0;1;2;0;0;0;0;0;0;0;0
Prov Namen;PNEUMOLOGIE;2;1;1;0;1;0;0;0;0;0;0;0;0;0;1;0;0;0;0;0;0;0;0
Prov Namen;GASTRO-ENTEROLOGIE;1;1;0;0;0;1;0;0;0;0;0;0;0;0;0;0;0;0;0;0;0;0;0
Prov Namen;PEDIATRIE;12;10;2;1;9;0;0;0;0;0;0;0;0;0;2;0;0;0;0;0;0;0;0
Prov Namen;CARDIOLOGIE;1;0;1;0;0;0;0;0;0;0;0;0;0;0;1;0;0;0;0;0;0;0;0
Prov Namen;FYSISCHE GENEESKUNDE EN REVALIDATIE;4;2;2;0;2;0;0;0;0;0;0;0;0;0;2;0;0;0;0;0;0;0;0
Prov Namen;KLINISCHE BIOLOGIE;2;1;1;0;1;0;0;0;0;0;0;0;0;0;0;1;0;0;0;0;0;0;0
Prov Namen;RONTGENDIAGNOSE;8;4;4;0;3;1;0;0;0;0;0;0;0;0;4;0;0;0;0;0;0;0;0
Prov Namen;RADIOTHERAPIE-ONCOLOGIE;2;1;1;0;1;0;0;0;0;0;0;0;0;0;1;0;0;0;0;0;0;0;0
Prov Namen;PSYCHIATRIE, MEER BEPAALD KINDER- EN JEUGDPSYCHIATRIE;4;4;0;0;3;1;0;0;0;0;0;0;0;0;0;0;0;0;0;0;0;0;0
Prov Namen;NUCLEAIRE GENEESKUNDE;3;2;1;0;2;0;0;0;0;0;0;0;0;0;1;0;0;0;0;0;0;0;0
Prov Namen;INWENDIGE GENEESKUNDE;21;12;9;1;11;0;0;0;0;0;0;0;0;0;9;0;0;0;0;0;0;0;0
Prov Namen;PSYCHIATRIE, MEER BEPAALD VOLWASSENPSYCHIATRIE;2;1;1;0;1;0;0;0;0;0;0;0;0;0;0;1;0;0;0;0;0;0;0
Prov Namen;URGENTIEGENEESKUNE;4;1;3;0;0;1;0;0;0;0;0;0;0;0;3;0;0;0;0;0;0;0;0
Prov Namen;GERIATRIE;2;2;0;0;2;0;0;0;0;0;0;0;0;0;0;0;0;0;0;0;0;0;0
Prov Namen;MEDISCHE ONCOLOGIE;2;2;0;0;1;1;0;0;0;0;0;0;0;0;0;0;0;0;0;0;0;0;0
Prov Luxemburg;ANESTHESIE-REANIMATIE;6;4;2;0;2;2;0;0;0;0;0;0;0;0;2;0;0;0;0;0;0;0;0
Prov Luxemburg;HEELKUNDE;2;2;0;0;1;1;0;0;0;0;0;0;0;0;0;0;0;0;0;0;0;0;0
Prov Luxemburg;NEUROCHIRURGIE;1;1;0;0;1;0;0;0;0;0;0;0;0;0;0;0;0;0;0;0;0;0;0
Prov Luxemburg;NEUROLOGIE;1;1;0;0;1;0;0;0;0;0;0;0;0;0;0;0;0;0;0;0;0;0;0
Prov Luxemburg;GYNAECOLOGIE-VERLOSKUNDE;1;1;0;0;1;0;0;0;0;0;0;0;0;0;0;0;0;0;0;0;0;0;0
Prov Luxemburg;ORTHOPEDISCHE HEELKUNDE;3;1;2;0;1;0;0;0;0;0;0;0;0;0;2;0;0;0;0;0;0;0;0
Prov Luxemburg;DERMATO-VENEREOLOGIE;2;2;0;0;2;0;0;0;0;0;0;0;0;0;0;0;0;0;0;0;0;0;0
Prov Luxemburg;PEDIATRIE;7;7;0;0;6;1;0;0;0;0;0;0;0;0;0;0;0;0;0;0;0;0;0
Prov Luxemburg;CARDIOLOGIE;2;2;0;0;2;0;0;0;0;0;0;0;0;0;0;0;0;0;0;0;0;0;0
Prov Luxemburg;RADIOTHERAPIE-ONCOLOGIE;2;2;0;0;2;0;0;0;0;0;0;0;0;0;0;0;0;0;0;0;0;0;0
Prov Luxemburg;PSYCHIATRIE, MEER BEPAALD KINDER- EN JEUGDPSYCHIATRIE;1;1;0;0;0;0;0;1;0;0;0;0;0;0;0;0;0;0;0;0;0;0;0
Prov Luxemburg;INWENDIGE GENEESKUNDE;4;3;1;0;3;0;0;0;0;0;0;0;0;0;1;0;0;0;0;0;0;0;0
Prov Luxemburg;REUMATOLOGIE;1;1;0;0;1;0;0;0;0;0;0;0;0;0;0;0;0;0;0;0;0;0;0
Prov Luxemburg;PSYCHIATRIE, MEER BEPAALD VOLWASSENPSYCHIATRIE;1;1;0;0;1;0;0;0;0;0;0;0;0;0;0;0;0;0;0;0;0;0;0
Prov Luxemburg;URGENTIEGENEESKUNE;5;4;1;0;3;1;0;0;0;0;0;0;0;0;0;0;1;0;0;0;0;0;0
Prov Luxemburg;GERIATRIE;1;1;0;0;1;0;0;0;0;0;0;0;0;0;0;0;0;0;0;0;0;0;0
Prov Brussels hoofdstedelijk gewest;ANESTHESIE-REANIMATIE;109;45;64;0;28;14;2;1;0;0;0;0;0;0;42;15;5;1;1;0;0;0;0
Prov Brussels hoofdstedelijk gewest;HEELKUNDE;56;24;32;0;17;6;0;1;0;0;0;0;0;0;17;13;2;0;0;0;0;0;0
Prov Brussels hoofdstedelijk gewest;NEUROCHIRURGIE;9;5;4;0;4;1;0;0;0;0;0;0;0;0;2;2;0;0;0;0;0;0;0
Prov Brussels hoofdstedelijk gewest;PLASTISCHE, RECONSTRUCTIEVE EN ESTHETISCHE HEELKUNDE;13;7;6;0;3;2;2;0;0;0;0;0;0;0;2;4;0;0;0;0;0;0;0
Prov Brussels hoofdstedelijk gewest;NEUROLOGIE;25;15;10;1;12;2;0;0;0;0;0;0;0;0;4;4;1;1;0;0;0;0;0
Prov Brussels hoofdstedelijk gewest;GYNAECOLOGIE-VERLOSKUNDE;71;57;14;0;42;15;0;0;0;0;0;0;0;0;9;3;1;0;0;0;0;1;0
Prov Brussels hoofdstedelijk gewest;OFTALMOLOGIE;28;21;7;1;16;4;0;0;0;0;0;0;0;0;6;1;0;0;0;0;0;0;0
Prov Brussels hoofdstedelijk gewest;OTORHINOLARYNGOLOGIE;12;9;3;0;8;1;0;0;0;0;0;0;0;0;3;0;0;0;0;0;0;0;0
Prov Brussels hoofdstedelijk gewest;UROLOGIE;19;4;15;0;4;0;0;0;0;0;0;0;0;0;12;3;0;0;0;0;0;0;0
Prov Brussels hoofdstedelijk gewest;ORTHOPEDISCHE HEELKUNDE;28;2;26;0;2;0;0;0;0;0;0;0;0;0;14;10;2;0;0;0;0;0;0
Prov Brussels hoofdstedelijk gewest;STOMATOLOGIE;10;3;7;0;3;0;0;0;0;0;0;0;0;0;5;2;0;0;0;0;0;0;0
Prov Brussels hoofdstedelijk gewest;DERMATO-VENEREOLOGIE;17;16;1;1;14;1;0;0;0;0;0;0;0;0;1;0;0;0;0;0;0;0;0
Prov Brussels hoofdstedelijk gewest;PNEUMOLOGIE;7;6;1;0;1;5;0;0;0;0;0;0;0;0;0;1;0;0;0;0;0;0;0
Prov Brussels hoofdstedelijk gewest;GASTRO-ENTEROLOGIE;12;8;4;0;3;5;0;0;0;0;0;0;0;0;2;1;0;1;0;0;0;0;0
Prov Brussels hoofdstedelijk gewest;PEDIATRIE;85;70;15;1;51;16;2;0;0;0;0;0;0;0;7;8;0;0;0;0;0;0;0
Prov Brussels hoofdstedelijk gewest;CARDIOLOGIE;18;9;9;0;0;8;1;0;0;0;0;0;0;0;3;3;1;2;0;0;0;0;0
Prov Brussels hoofdstedelijk gewest;FYSISCHE GENEESKUNDE EN REVALIDATIE;7;5;2;0;5;0;0;0;0;0;0;0;0;0;1;0;0;0;0;1;0;0;0
Prov Brussels hoofdstedelijk gewest;KLINISCHE BIOLOGIE;13;10;3;0;7;2;0;0;0;1;0;0;0;0;2;1;0;0;0;0;0;0;0
Prov Brussels hoofdstedelijk gewest;RONTGENDIAGNOSE;57;27;30;0;16;9;2;0;0;0;0;0;0;0;19;6;4;1;0;0;0;0;0
Prov Brussels hoofdstedelijk gewest;RADIOTHERAPIE-ONCOLOGIE;11;8;3;0;1;5;0;2;0;0;0;0;0;0;2;1;0;0;0;0;0;0;0
Prov Brussels hoofdstedelijk gewest;PSYCHIATRIE, MEER BEPAALD KINDER- EN JEUGDPSYCHIATRIE;20;18;2;0;14;4;0;0;0;0;0;0;0;0;2;0;0;0;0;0;0;0;0
Prov Brussels hoofdstedelijk gewest;NUCLEAIRE GENEESKUNDE;8;3;5;0;1;2;0;0;0;0;0;0;0;0;3;2;0;0;0;0;0;0;0
Prov Brussels hoofdstedelijk gewest;PATHOLOGISCHE ANATOMIE;10;10;0;0;9;1;0;0;0;0;0;0;0;0;0;0;0;0;0;0;0;0;0
Prov Brussels hoofdstedelijk gewest;INWENDIGE GENEESKUNDE;119;71;48;0;55;14;1;1;0;0;0;0;0;1;39;8;0;0;0;0;0;0;0
Prov Brussels hoofdstedelijk gewest;PSYCHIATRIE, MEER BEPAALD VOLWASSENPSYCHIATRIE;37;24;13;0;17;6;1;0;0;0;0;0;0;0;6;3;1;2;0;1;0;0;0
Prov Brussels hoofdstedelijk gewest;GERECHTELIJKE GENEESKUNDE;1;1;0;0;1;0;0;0;0;0;0;0;0;0;0;0;0;0;0;0;0;0;0
Prov Brussels hoofdstedelijk gewest;URGENTIEGENEESKUNE;41;28;13;0;18;9;1;0;0;0;0;0;0;0;8;3;1;1;0;0;0;0;0
Prov Brussels hoofdstedelijk gewest;ACUTE GENEESKUNDE;13;5;8;0;2;2;0;0;0;0;1;0;0;0;3;4;0;0;1;0;0;0;0
Prov Brussels hoofdstedelijk gewest;GERIATRIE;16;15;1;0;5;9;1;0;0;0;0;0;0;0;0;1;0;0;0;0;0;0;0
Prov Brussels hoofdstedelijk gewest;MEDISCHE ONCOLOGIE;11;8;3;0;4;4;0;0;0;0;0;0;0;0;0;0;2;1;0;0;0;0;0
