Gebied-Specialiteit;Unnamed: 1;Totaal;Geslacht;Unnamed: 4;Vrouw;Unnamed: 6;Unnamed: 7;Unnamed: 8;Unnamed: 9;Unnamed: 10;Unnamed: 11;Unnamed: 12;Unnamed: 13;Man;Unnamed: 15;Unnamed: 16;Unnamed: 17;Unnamed: 18;Unnamed: 19;Unnamed: 20;Unnamed: 21;Unnamed: 22
;;;Vrouw;Man;25-29;30-34;35-39;40-44;45-49;50-54;55-59;60-64;65+;25-29;30-34;35-39;40-44;45-49;50-54;55-59;60-64;65+
België;Alle specialiteiten;30122.0;13119;17003;40;1701;1826;1905;1896;1619;1320;994;1818;17;1156;1126;1360;1632;1545;2009;2094;6064
;Geriatrie;386.0;252;134;0;46;42;42;41;38;20;10;13;0;6;11;10;11;12;12;25;47
;Urgentiegeneeskunde;305.0;149;156;0;52;61;14;12;5;5;0;0;0;49;45;20;19;13;4;4;2
;Gerechtelijke geneeskunde;15.0;5;10;0;2;1;1;1;0;0;0;0;0;0;4;2;0;0;1;0;3
;Beheer van gezondheidsgegevens;58.0;22;36;0;0;0;0;1;5;8;6;2;0;0;0;1;4;3;8;10;10
;Anesthesie-reanimatie;2809.0;1164;1645;1;165;179;157;164;147;114;61;176;1;199;157;177;192;200;192;188;339
;Heelkunde;1819.0;395;1424;0;61;64;68;64;40;29;30;39;0;70;99;126;135;139;157;167;531
;Neurochirurgie;254.0;34;220;0;9;7;1;5;7;4;1;0;0;16;25;27;32;24;22;23;51
;"Plastische, reconstructieve en
esthetische heelkunde";293.0;75;218;0;6;18;8;10;7;6;10;10;0;11;21;32;21;27;37;15;54
;Urologie;528.0;87;441;0;23;15;16;14;9;4;4;2;0;38;46;40;54;33;52;39;139
;Orthopedische heelkunde;1300.0;152;1148;0;35;24;18;22;18;15;7;13;0;79;108;117;117;111;155;146;315
;Neurologie;695.0;352;343;3;63;69;60;46;43;27;19;22;0;33;25;34;48;34;46;46;77
;Psychiatrie;939.0;433;506;0;1;6;14;49;119;97;58;89;0;0;5;6;44;67;88;60;236
;Neuropsychiatrie;206.0;49;157;0;0;0;0;0;0;3;7;39;0;0;0;0;0;0;0;10;147
;"Psychiatrie, meer bepaald kinder- en
jeugdpsychiatrie";402.0;317;85;1;39;68;76;66;18;15;8;26;0;13;6;15;15;4;4;10;18
;"Psychiatrie, meer bepaald
volwassenpsychiatrie";863.0;430;433;0;68;76;105;77;20;13;20;51;1;37;30;52;62;14;14;47;176
;Pneumologie;671.0;289;382;0;37;52;73;48;31;14;13;21;0;27;26;26;37;39;48;69;110
;Gastro-enterologie;833.0;295;538;0;48;69;51;44;27;19;14;23;0;40;33;46;63;48;80;70;158
;Cardiologie;1341.0;328;1013;0;33;69;58;48;45;25;25;25;0;72;78;115;120;105;132;101;290
;Inwendige geneeskunde;1987.0;816;1171;1;127;138;164;127;90;52;50;67;0;69;53;77;114;107;140;111;500
;Reumatologie;285.0;137;148;0;12;17;20;17;21;18;8;24;0;4;10;7;6;12;16;20;73
;Acute geneeskunde;307.0;136;171;0;9;13;13;41;27;15;10;8;0;4;8;14;34;43;30;18;20
;Gynaecologie-verloskunde;1817.0;1031;786;4;201;158;151;129;125;95;70;98;0;26;30;40;54;73;77;114;372
;Oftalmologie;1329.0;825;504;14;96;87;105;93;83;80;78;189;8;41;26;36;46;37;60;58;192
;Otorhinolaryngologie;786.0;359;427;1;57;45;56;43;52;39;26;40;0;18;26;24;38;33;48;71;169
;Stomatologie;389.0;101;288;0;14;14;18;17;10;6;8;14;0;31;24;27;25;24;32;27;98
;Dermato-venereologie;908.0;659;249;9;78;71;83;84;91;64;49;130;1;10;15;11;18;16;34;26;118
;Pediatrie;2049.0;1395;654;4;202;193;206;195;162;139;75;219;1;37;38;44;39;55;47;69;324
;Fysische geneeskunde en revalidatie;630.0;301;329;0;38;38;39;42;47;30;31;36;0;30;19;25;26;17;45;40;127
;Klinische biologie;719.0;349;370;0;17;23;38;31;40;35;42;123;0;15;11;17;16;21;37;52;201
;Rontgendiagnose;1960.0;599;1361;1;70;91;70;85;74;89;46;73;4;120;101;103;102;121;198;183;429
;Radiotherapie - oncologie;254.0;144;110;0;15;19;22;24;19;16;14;15;0;10;11;17;14;12;6;21;19
;Nucleaire geneeskunde;354.0;129;225;0;10;16;17;17;14;25;12;18;0;15;12;14;13;19;25;21;106
;Pathologische anatomie;420.0;231;189;1;24;26;32;31;34;25;19;39;1;16;4;19;22;10;20;23;74
;Medische oncologie;315.0;177;138;0;30;34;28;28;19;16;10;12;0;14;12;9;20;19;22;12;30
;Klinische genetica;76.0;48;28;0;0;4;8;14;8;5;3;6;0;0;2;5;5;6;5;3;2
;Arbeidsgeneeskunde;1187.0;655;532;0;12;17;71;147;94;112;95;107;0;6;5;23;51;28;58;99;262
;"Verzekeringsgeneeskunde en
medische expertise";633.0;199;434;0;1;2;2;19;30;41;55;49;0;0;0;2;15;19;57;96;245
Vlaams Gewest;Alle specialiteiten;16471.0;7034;9437;22;1001;1001;1100;1065;923;728;460;734;4;693;631;826;946;858;1163;1163;3153
;Geriatrie;232.0;141;91;0;29;22;17;26;21;10;8;8;0;4;9;3;7;9;9;16;34
;Urgentiegeneeskunde;150.0;80;70;0;33;29;7;6;3;2;0;0;0;36;15;9;6;2;1;1;0
;Gerechtelijke geneeskunde;7.0;3;4;0;2;1;0;0;0;0;0;0;0;0;1;0;0;0;1;0;2
;Beheer van gezondheidsgegevens;25.0;9;16;0;0;0;0;1;0;5;1;2;0;0;0;0;3;0;3;5;5
;Anesthesie-reanimatie;1609.0;674;935;1;106;102;91;93;95;74;39;73;0;119;83;99;114;108;110;107;195
;Heelkunde;1014.0;223;791;0;38;41;43;39;25;9;10;18;0;45;60;83;81;80;88;91;263
;Neurochirurgie;161.0;17;144;0;4;3;0;3;5;2;0;0;0;9;17;22;21;15;13;14;33
;"Plastische, reconstructieve en
esthetische heelkunde";175.0;43;132;0;4;11;3;5;5;3;6;6;0;6;11;17;13;15;27;7;36
;Urologie;318.0;53;265;0;16;10;12;5;6;2;1;1;0;23;28;25;35;20;36;23;75
;Orthopedische heelkunde;779.0;89;690;0;24;16;10;11;12;8;3;5;0;57;62;79;75;66;100;86;165
;Neurologie;380.0;193;187;1;39;43;37;19;22;14;8;10;0;16;14;23;25;14;25;24;46
;Psychiatrie;265.0;139;126;0;0;0;1;15;62;45;8;8;0;0;0;1;18;40;41;13;13
;Neuropsychiatrie;118.0;26;92;0;0;0;0;0;0;2;6;18;0;0;0;0;0;0;0;8;84
;"Psychiatrie, meer bepaald kinder- en
jeugdpsychiatrie";266.0;221;45;1;28;39;53;52;12;10;7;19;0;3;3;8;8;1;3;6;13
;"Psychiatrie, meer bepaald
volwassenpsychiatrie";598.0;270;328;0;38;45;74;41;8;7;14;43;0;21;18;25;41;5;7;45;166
;Pneumologie;364.0;162;202;0;21;33;47;25;17;8;7;4;0;17;17;13;21;15;28;39;52
;Gastro-enterologie;449.0;159;290;0;29;43;29;24;14;9;6;5;0;27;21;30;35;26;38;38;75
;Cardiologie;695.0;133;562;0;13;30;24;25;21;9;3;8;0;45;51;75;68;62;73;53;135
;Inwendige geneeskunde;962.0;394;568;0;61;71;83;63;36;28;31;21;0;35;27;33;53;49;60;43;268
;Reumatologie;144.0;68;76;0;6;12;10;7;11;10;4;8;0;0;8;5;5;6;8;7;37
;Acute geneeskunde;140.0;59;81;0;7;8;9;19;5;6;4;1;0;3;5;13;20;20;10;6;4
;Gynaecologie-verloskunde;911.0;507;404;1;115;74;85;71;69;44;24;24;0;16;13;20;25;37;46;61;186
;Oftalmologie;778.0;494;284;7;60;50;61;60;58;51;50;97;1;17;12;21;19;22;35;34;123
;Otorhinolaryngologie;424.0;196;228;1;39;25;32;23;23;25;12;16;0;7;17;16;23;18;24;42;81
;Stomatologie;231.0;58;173;0;9;12;9;12;5;3;3;5;0;19;15;23;18;16;23;19;40
;Dermato-venereologie;504.0;372;132;6;44;43;52;55;51;34;24;63;1;6;8;6;11;11;17;13;59
;Pediatrie;1014.0;691;323;3;105;91;105;94;96;80;30;87;0;18;15;23;19;28;26;40;154
;Fysische geneeskunde en revalidatie;387.0;172;215;0;25;20;21;24;29;19;21;13;0;25;15;13;18;13;31;19;81
;Klinische biologie;376.0;172;204;0;10;15;25;23;24;19;16;40;0;8;7;11;13;19;24;29;93
;Rontgendiagnose;1085.0;302;783;1;37;50;34;50;43;41;15;31;2;72;55;70;65;70;131;102;216
;Radiotherapie - oncologie;157.0;86;71;0;11;10;16;17;15;11;3;3;0;6;8;11;7;6;5;17;11
;Nucleaire geneeskunde;174.0;60;114;0;6;9;11;8;10;8;4;4;0;9;6;8;6;12;15;10;48
;Pathologische anatomie;263.0;135;128;0;14;15;26;18;21;15;10;16;0;10;1;16;18;7;11;14;51
;Medische oncologie;154.0;93;61;0;18;13;20;18;8;8;6;2;0;9;5;3;10;11;9;5;9
;Klinische genetica;48.0;29;19;0;0;1;6;8;4;4;3;3;0;0;2;3;2;5;3;3;1
;Arbeidsgeneeskunde;771.0;406;365;0;9;12;46;93;65;76;50;55;0;5;2;19;35;17;47;74;166
;"Verzekeringsgeneeskunde en
medische expertise";343.0;105;238;0;1;2;1;12;22;27;23;17;0;0;0;0;8;13;35;49;133
Waals Gewest;Alle specialiteiten;9720.0;4157;5563;10;440;559;539;634;504;415;367;689;10;285;344;373;529;524;677;692;2129
;Geriatrie;116.0;85;31;0;14;14;15;14;14;9;1;4;0;1;2;5;3;3;1;6;10
;Urgentiegeneeskunde;114.0;48;66;0;17;21;4;4;2;0;0;0;0;12;22;7;10;9;2;2;2
;Gerechtelijke geneeskunde;7.0;2;5;0;0;0;1;1;0;0;0;0;0;0;2;2;0;0;0;0;1
;Beheer van gezondheidsgegevens;22.0;7;15;0;0;0;0;0;1;3;3;0;0;0;0;0;1;3;3;4;4
;Anesthesie-reanimatie;898.0;337;561;0;28;58;47;58;38;29;15;64;1;53;57;57;66;67;72;71;117
;Heelkunde;597.0;120;477;0;17;14;18;17;13;16;14;11;0;13;23;35;43;40;57;64;202
;Neurochirurgie;72.0;13;59;0;4;2;1;1;2;2;1;0;0;6;7;3;9;7;9;5;13
;"Plastische, reconstructieve en
esthetische heelkunde";84.0;26;58;0;2;6;3;5;2;3;3;2;0;2;8;12;5;8;9;5;9
;Urologie;158.0;26;132;0;4;3;3;7;3;2;3;1;0;10;12;13;16;12;11;12;46
;Orthopedische heelkunde;411.0;42;369;0;6;6;7;10;2;3;4;4;0;17;38;28;36;40;44;49;117
;Neurologie;223.0;106;117;1;12;19;16;20;16;7;8;7;0;11;6;7;16;13;18;17;29
;Psychiatrie;420.0;185;235;0;1;6;8;25;41;25;33;46;0;0;5;4;16;20;31;23;136
;Neuropsychiatrie;56.0;11;45;0;0;0;0;0;0;0;1;10;0;0;0;0;0;0;0;2;43
;"Psychiatrie, meer bepaald kinder- en
jeugdpsychiatrie";79.0;56;23;0;7;16;12;10;5;0;1;5;0;3;1;3;7;3;1;1;4
;"Psychiatrie, meer bepaald
volwassenpsychiatrie";153.0;94;59;0;13;18;24;27;6;1;3;2;1;6;8;14;12;7;5;1;5
;Pneumologie;235.0;93;142;0;10;14;18;19;9;6;4;13;0;8;8;9;14;21;17;22;43
;Gastro-enterologie;270.0;92;178;0;12;21;13;14;8;6;8;10;0;7;7;10;22;14;34;27;57
;Cardiologie;441.0;119;322;0;12;25;19;17;16;12;10;8;0;13;20;26;39;32;43;37;112
;Inwendige geneeskunde;685.0;278;407;1;46;40;51;45;39;16;13;27;0;19;12;23;47;41;64;47;154
;Reumatologie;102.0;51;51;0;5;3;8;8;7;7;1;12;0;3;2;2;1;3;5;11;24
;Acute geneeskunde;135.0;60;75;0;2;1;4;18;18;8;5;4;0;1;2;1;12;20;17;9;13
;Gynaecologie-verloskunde;614.0;343;271;3;48;50;48;45;46;32;28;43;0;8;10;12;21;29;26;38;127
;Oftalmologie;380.0;223;157;3;24;24;27;25;18;24;16;62;5;16;10;10;15;13;19;19;50
;Otorhinolaryngologie;270.0;126;144;0;14;18;17;16;22;13;12;14;0;8;5;6;14;9;17;20;65
;Stomatologie;100.0;25;75;0;2;2;6;5;2;1;2;5;0;6;6;2;5;7;7;5;37
;Dermato-venereologie;268.0;188;80;2;22;20;19;19;30;21;15;40;0;3;4;3;5;4;11;8;42
;Pediatrie;690.0;466;224;0;63;75;60;74;43;39;32;80;0;9;13;15;14;17;18;20;118
;Fysische geneeskunde en revalidatie;201.0;103;98;0;7;18;13;14;15;7;9;20;0;5;3;12;7;4;13;15;39
;Klinische biologie;240.0;121;119;0;3;4;11;6;8;12;15;62;0;3;2;5;2;1;10;15;81
;Rontgendiagnose;650.0;203;447;0;20;27;24;30;19;36;21;26;2;26;35;24;31;40;56;62;171
;Radiotherapie - oncologie;75.0;41;34;0;3;7;5;3;2;5;8;8;0;3;2;5;7;6;1;3;7
;Nucleaire geneeskunde;133.0;53;80;0;3;3;5;6;4;15;6;11;0;3;2;4;3;5;8;9;46
;Pathologische anatomie;110.0;66;44;0;7;7;5;8;11;8;6;14;1;5;3;3;2;2;7;4;17
;Medische oncologie;107.0;55;52;0;9;11;2;8;9;6;3;7;0;4;5;4;5;7;9;5;13
;Klinische genetica;18.0;11;7;0;0;2;2;3;3;0;0;1;0;0;0;2;2;1;2;0;0
;Arbeidsgeneeskunde;340.0;206;134;0;3;4;22;47;25;27;37;41;0;1;2;4;15;11;10;16;75
;"Verzekeringsgeneeskunde en
medische expertise";246.0;76;170;0;0;0;1;5;5;14;26;25;0;0;0;1;6;5;20;38;100
"Brussels
Hoofdstedelijk Gewest";Alle specialiteiten;3931.0;1928;2003;8;260;266;266;197;192;177;167;395;3;178;151;161;157;163;169;239;782
;Geriatrie;38.0;26;12;0;3;6;10;1;3;1;1;1;0;1;0;2;1;0;2;3;3
;Urgentiegeneeskunde;41.0;21;20;0;2;11;3;2;0;3;0;0;0;1;8;4;3;2;1;1;0
;Gerechtelijke geneeskunde;1.0;0;1;0;0;0;0;0;0;0;0;0;0;0;1;0;0;0;0;0;0
;Beheer van gezondheidsgegevens;11.0;6;5;0;0;0;0;0;4;0;2;0;0;0;0;1;0;0;2;1;1
;Anesthesie-reanimatie;302.0;153;149;0;31;19;19;13;14;11;7;39;0;27;17;21;12;25;10;10;27
;Heelkunde;208.0;52;156;0;6;9;7;8;2;4;6;10;0;12;16;8;11;19;12;12;66
;Neurochirurgie;21.0;4;17;0;1;2;0;1;0;0;0;0;0;1;1;2;2;2;0;4;5
;"Plastische, reconstructieve en
esthetische heelkunde";34.0;6;28;0;0;1;2;0;0;0;1;2;0;3;2;3;3;4;1;3;9
;Urologie;52.0;8;44;0;3;2;1;2;0;0;0;0;0;5;6;2;3;1;5;4;18
;Orthopedische heelkunde;110.0;21;89;0;5;2;1;1;4;4;0;4;0;5;8;10;6;5;11;11;33
;Neurologie;92.0;53;39;1;12;7;7;7;5;6;3;5;0;6;5;4;7;7;3;5;2
;Psychiatrie;254.0;109;145;0;0;0;5;9;16;27;17;35;0;0;0;1;10;7;16;24;87
;Neuropsychiatrie;32.0;12;20;0;0;0;0;0;0;1;0;11;0;0;0;0;0;0;0;0;20
;"Psychiatrie, meer bepaald kinder- en
jeugdpsychiatrie";57.0;40;17;0;4;13;11;4;1;5;0;2;0;7;2;4;0;0;0;3;1
;"Psychiatrie, meer bepaald
volwassenpsychiatrie";112.0;66;46;0;17;13;7;9;6;5;3;6;0;10;4;13;9;2;2;1;5
;Pneumologie;72.0;34;38;0;6;5;8;4;5;0;2;4;0;2;1;4;2;3;3;8;15
;Gastro-enterologie;114.0;44;70;0;7;5;9;6;5;4;0;8;0;6;5;6;6;8;8;5;26
;Cardiologie;205.0;76;129;0;8;14;15;6;8;4;12;9;0;14;7;14;13;11;16;11;43
;Inwendige geneeskunde;340.0;144;196;0;20;27;30;19;15;8;6;19;0;15;14;21;14;17;16;21;78
;Reumatologie;39.0;18;21;0;1;2;2;2;3;1;3;4;0;1;0;0;0;3;3;2;12
;Acute geneeskunde;32.0;17;15;0;0;4;0;4;4;1;1;3;0;0;1;0;2;3;3;3;3
;Gynaecologie-verloskunde;292.0;181;111;0;38;34;18;13;10;19;18;31;0;2;7;8;8;7;5;15;59
;Oftalmologie;171.0;108;63;4;12;13;17;8;7;5;12;30;2;8;4;5;12;2;6;5;19
;Otorhinolaryngologie;92.0;37;55;0;4;2;7;4;7;1;2;10;0;3;4;2;1;6;7;9;23
;Stomatologie;58.0;18;40;0;3;0;3;0;3;2;3;4;0;6;3;2;2;1;2;3;21
;Dermato-venereologie;136.0;99;37;1;12;8;12;10;10;9;10;27;0;1;3;2;2;1;6;5;17
;Pediatrie;345.0;238;107;1;34;27;41;27;23;20;13;52;1;10;10;6;6;10;3;9;52
;Fysische geneeskunde en revalidatie;42.0;26;16;0;6;0;5;4;3;4;1;3;0;0;1;0;1;0;1;6;7
;Klinische biologie;103.0;56;47;0;4;4;2;2;8;4;11;21;0;4;2;1;1;1;3;8;27
;Rontgendiagnose;225.0;94;131;0;13;14;12;5;12;12;10;16;0;22;11;9;6;11;11;19;42
;Radiotherapie - oncologie;22.0;17;5;0;1;2;1;4;2;0;3;4;0;1;1;1;0;0;0;1;1
;Nucleaire geneeskunde;47.0;16;31;0;1;4;1;3;0;2;2;3;0;3;4;2;4;2;2;2;12
;Pathologische anatomie;47.0;30;17;1;3;4;1;5;2;2;3;9;0;1;0;0;2;1;2;5;6
;Medische oncologie;54.0;29;25;0;3;10;6;2;2;2;1;3;0;1;2;2;5;1;4;2;8
;Klinische genetica;10.0;8;2;0;0;1;0;3;1;1;0;2;0;0;0;0;1;0;0;0;1
;Arbeidsgeneeskunde;76.0;43;33;0;0;1;3;7;4;9;8;11;0;0;1;0;1;0;1;9;21
;"Verzekeringsgeneeskunde en
medische expertise";44.0;18;26;0;0;0;0;2;3;0;6;7;0;0;0;1;1;1;2;9;12
Vlaams Brabant;Alle specialiteiten;4442.0;2074;2368;6;267;298;334;317;269;202;153;228;2;185;158;215;229;233;296;301;749
;Geriatrie;48.0;35;13;0;3;6;4;9;6;2;3;2;0;0;1;0;2;2;1;3;4
;Urgentiegeneeskunde;40.0;18;22;0;7;5;1;3;1;1;0;0;0;9;5;3;2;1;1;1;0
;Gerechtelijke geneeskunde;3.0;2;1;0;1;1;0;0;0;0;0;0;0;0;0;0;0;0;0;0;1
;Beheer van gezondheidsgegevens;11.0;6;5;0;0;0;0;0;0;3;1;2;0;0;0;0;0;0;0;2;3
;Anesthesie-reanimatie;376.0;161;215;0;18;25;23;22;26;11;15;21;0;34;15;26;26;24;30;25;35
;Heelkunde;283.0;69;214;0;8;16;16;15;9;0;2;3;0;12;22;20;21;23;23;21;72
;Neurochirurgie;35.0;4;31;0;1;1;0;0;2;0;0;0;0;2;4;5;5;2;4;2;7
;"Plastische, reconstructieve en
esthetische heelkunde";41.0;14;27;0;2;2;3;3;3;1;0;0;0;2;2;3;1;6;6;2;5
;Urologie;65.0;11;54;0;2;2;3;0;2;1;1;0;0;1;11;3;7;4;9;7;12
;Orthopedische heelkunde;173.0;26;147;0;6;5;2;4;2;4;0;3;0;13;14;20;19;19;16;17;29
;Neurologie;95.0;52;43;0;13;7;9;2;10;4;3;4;0;2;3;6;5;4;3;5;15
;Psychiatrie;73.0;40;33;0;0;0;0;4;15;13;4;4;0;0;0;1;2;5;11;5;9
;Neuropsychiatrie;35.0;7;28;0;0;0;0;0;0;0;1;6;0;0;0;0;0;0;0;1;27
;"Psychiatrie, meer bepaald kinder- en
jeugdpsychiatrie";76.0;66;10;0;9;8;15;19;4;2;1;8;0;1;0;0;2;1;1;3;2
;"Psychiatrie, meer bepaald
volwassenpsychiatrie";155.0;73;82;0;9;8;25;15;2;2;5;7;0;6;6;9;7;2;0;10;42
;Pneumologie;101.0;53;48;0;8;11;15;9;3;3;2;2;0;5;4;2;7;3;6;9;12
;Gastro-enterologie;112.0;41;71;0;4;11;8;6;6;3;2;1;0;9;4;7;5;9;9;8;20
;Cardiologie;200.0;39;161;0;4;8;7;9;4;3;2;2;0;16;17;21;14;18;23;18;34
;Inwendige geneeskunde;291.0;122;169;0;10;27;21;23;11;7;16;7;0;12;7;12;24;14;20;12;68
;Reumatologie;33.0;16;17;0;2;2;4;2;4;1;0;1;0;0;1;2;2;3;1;1;7
;Acute geneeskunde;53.0;24;29;0;4;7;3;4;5;1;0;0;0;3;1;3;6;9;6;0;1
;Gynaecologie-verloskunde;265.0;159;106;0;33;20;32;23;19;13;9;10;0;3;4;6;10;11;9;22;41
;Oftalmologie;211.0;141;70;2;18;16;17;15;17;13;14;29;0;4;2;8;7;7;10;10;22
;Otorhinolaryngologie;108.0;59;49;0;13;8;10;5;8;8;2;5;0;1;6;4;4;1;7;8;18
;Stomatologie;53.0;21;32;0;3;6;3;3;1;0;1;4;0;5;1;5;3;2;5;0;11
;Dermato-venereologie;139.0;109;30;2;17;12;17;18;10;7;7;19;0;1;2;0;3;8;4;2;10
;Pediatrie;313.0;224;89;2;29;34;40;25;35;23;9;27;0;4;6;7;3;7;13;17;32
;Fysische geneeskunde en revalidatie;94.0;44;50;0;10;4;6;7;3;4;5;5;0;9;0;2;3;3;3;3;27
;Klinische biologie;120.0;49;71;0;4;4;4;4;8;3;9;13;0;3;2;4;2;4;8;9;39
;Rontgendiagnose;306.0;105;201;0;11;19;8;16;14;17;7;13;2;17;17;21;19;18;30;24;53
;Radiotherapie - oncologie;41.0;26;15;0;4;3;2;5;5;5;2;0;0;3;0;3;1;1;2;3;2
;Nucleaire geneeskunde;48.0;24;24;0;3;4;6;1;4;3;1;2;0;2;0;3;1;3;6;3;6
;Pathologische anatomie;66.0;41;25;0;3;5;11;5;3;5;3;6;0;3;0;3;2;2;1;4;10
;Medische oncologie;48.0;27;21;0;4;6;4;3;3;4;2;1;0;3;0;2;3;5;3;1;4
;Klinische genetica;23.0;14;9;0;0;1;3;4;2;2;2;0;0;0;1;0;0;3;2;2;1
;Arbeidsgeneeskunde;212.0;114;98;0;4;3;12;29;16;21;13;16;0;0;0;4;8;6;12;25;43
;"Verzekeringsgeneeskunde en
medische expertise";96.0;38;58;0;0;1;0;5;6;12;9;5;0;0;0;0;3;3;11;16;25
West-Vlaanderen;Alle specialiteiten;2680.0;962;1718;5;141;139;150;133;117;107;46;124;0;108;99;132;154;128;195;201;701
;Geriatrie;46.0;27;19;0;7;4;5;4;2;2;1;2;0;0;3;1;1;0;3;2;9
;Urgentiegeneeskunde;15.0;9;6;0;3;4;2;0;0;0;0;0;0;4;1;0;1;0;0;0;0
;Beheer van gezondheidsgegevens;2.0;0;2;0;0;0;0;0;0;0;0;0;0;0;0;0;0;0;0;1;1
;Anesthesie-reanimatie;308.0;115;193;1;19;14;15;15;17;14;6;14;0;20;14;18;24;20;21;25;51
;Heelkunde;150.0;28;122;0;6;5;8;4;1;1;0;3;0;6;7;10;8;11;14;12;54
;Neurochirurgie;26.0;1;25;0;0;0;0;0;1;0;0;0;0;4;3;2;4;2;1;2;7
;"Plastische, reconstructieve en
esthetische heelkunde";26.0;6;20;0;1;3;0;0;0;1;0;1;0;1;0;5;3;1;4;0;6
;Urologie;62.0;7;55;0;2;2;1;1;1;0;0;0;0;3;6;4;9;6;5;5;17
;Orthopedische heelkunde;154.0;11;143;0;4;0;2;1;1;2;1;0;0;14;14;14;9;10;24;18;40
;Neurologie;60.0;23;37;0;5;6;4;3;2;3;0;0;0;4;1;3;6;1;7;6;9
;Psychiatrie;34.0;13;21;0;0;0;1;0;7;3;1;1;0;0;0;0;2;5;10;2;2
;Neuropsychiatrie;21.0;3;18;0;0;0;0;0;0;0;1;2;0;0;0;0;0;0;0;0;18
;"Psychiatrie, meer bepaald kinder- en
jeugdpsychiatrie";29.0;24;5;1;5;2;5;2;2;1;0;6;0;0;0;0;1;0;0;1;3
;"Psychiatrie, meer bepaald
volwassenpsychiatrie";88.0;36;52;0;7;9;9;1;0;0;2;8;0;3;4;3;5;0;3;3;31
;Pneumologie;57.0;24;33;0;5;3;10;0;3;3;0;0;0;1;2;2;2;1;4;7;14
;Gastro-enterologie;76.0;20;56;0;4;8;3;1;1;2;1;0;0;3;5;4;9;4;4;10;17
;Cardiologie;96.0;13;83;0;2;2;4;1;2;1;0;1;0;3;6;7;12;7;10;5;33
;Inwendige geneeskunde;120.0;38;82;0;4;6;14;7;2;3;1;1;0;3;2;4;6;9;6;6;46
;Reumatologie;21.0;9;12;0;1;2;0;1;2;1;0;2;0;0;1;2;1;0;1;0;7
;Acute geneeskunde;23.0;9;14;0;1;0;3;3;0;2;0;0;0;0;0;5;3;2;2;1;1
;Gynaecologie-verloskunde;134.0;59;75;0;13;12;7;8;11;6;1;1;0;2;5;3;2;6;7;10;40
;Oftalmologie;138.0;87;51;1;6;9;7;12;12;9;8;23;0;2;3;3;2;3;6;5;27
;Otorhinolaryngologie;77.0;22;55;0;6;4;1;0;4;6;1;0;0;2;3;5;7;3;4;6;25
;Stomatologie;40.0;6;34;0;1;2;0;1;1;0;1;0;0;3;1;6;3;5;6;3;7
;Dermato-venereologie;84.0;55;29;2;5;8;2;12;6;3;2;15;0;1;2;1;2;0;5;2;16
;Pediatrie;156.0;99;57;0;9;17;17;12;10;10;1;23;0;5;0;3;2;5;3;4;35
;Fysische geneeskunde en revalidatie;74.0;28;46;0;4;4;5;2;6;4;3;0;0;2;6;2;3;1;3;8;21
;Klinische biologie;56.0;19;37;0;2;2;1;5;0;3;0;6;0;2;1;3;3;4;1;5;18
;Rontgendiagnose;208.0;36;172;0;8;5;4;5;7;4;1;2;0;17;6;12;12;15;27;23;60
;Radiotherapie - oncologie;28.0;17;11;0;1;0;4;5;2;3;1;1;0;1;0;2;3;0;0;2;3
;Nucleaire geneeskunde;33.0;10;23;0;0;1;3;4;1;1;0;0;0;1;2;1;0;1;2;1;15
;Pathologische anatomie;42.0;16;26;0;5;2;2;4;0;1;0;2;0;1;0;4;4;2;1;3;11
;Medische oncologie;29.0;20;9;0;3;3;4;4;3;1;1;1;0;0;1;0;1;3;1;1;2
;Klinische genetica;1.0;0;1;0;0;0;0;0;0;0;0;0;0;0;0;1;0;0;0;0;0
;Arbeidsgeneeskunde;114.0;62;52;0;2;0;7;13;8;15;9;8;0;0;0;2;3;1;6;11;29
;"Verzekeringsgeneeskunde en
medische expertise";52.0;10;42;0;0;0;0;2;2;2;3;1;0;0;0;0;1;0;4;11;26
Oost-Vlaanderen;Alle specialiteiten;3559.0;1564;1995;2;236;215;264;233;201;153;106;154;0;168;136;169;215;181;239;242;645
;Geriatrie;54.0;34;20;0;8;5;5;4;5;3;2;2;0;1;2;0;1;3;1;3;9
;Urgentiegeneeskunde;33.0;18;15;0;9;5;2;1;1;0;0;0;0;9;2;3;1;0;0;0;0
;Gerechtelijke geneeskunde;2.0;0;2;0;0;0;0;0;0;0;0;0;0;0;0;0;0;0;1;0;1
;Beheer van gezondheidsgegevens;4.0;2;2;0;0;0;0;1;0;1;0;0;0;0;0;0;1;0;0;1;0
;Anesthesie-reanimatie;349.0;133;216;0;19;23;20;15;19;18;5;14;0;37;21;21;26;25;22;23;41
;Heelkunde;207.0;46;161;0;7;7;9;6;8;2;2;5;0;7;10;20;16;17;18;20;53
;Neurochirurgie;31.0;4;27;0;0;2;0;1;1;0;0;0;0;1;4;5;4;2;1;3;7
;"Plastische, reconstructieve en
esthetische heelkunde";47.0;8;39;0;0;2;0;1;2;1;1;1;0;3;3;6;5;3;9;0;10
;Urologie;75.0;18;57;0;5;3;6;1;2;0;0;1;0;9;5;6;5;2;8;4;18
;Orthopedische heelkunde;167.0;16;151;0;5;2;2;2;3;1;1;0;0;15;13;15;18;12;24;22;32
;Neurologie;79.0;45;34;1;7;8;12;6;4;3;2;2;0;3;5;2;8;2;4;2;8
;Psychiatrie;48.0;25;23;0;0;0;0;2;12;7;1;3;0;0;0;0;5;9;7;1;1
;Neuropsychiatrie;19.0;5;14;0;0;0;0;0;0;1;1;3;0;0;0;0;0;0;0;3;11
;"Psychiatrie, meer bepaald kinder- en
jeugdpsychiatrie";48.0;42;6;0;8;13;6;8;2;1;1;3;0;1;0;4;0;0;0;0;1
;"Psychiatrie, meer bepaald
volwassenpsychiatrie";134.0;70;64;0;9;13;18;8;2;2;2;16;0;3;4;3;11;1;1;12;29
;Pneumologie;85.0;35;50;0;4;11;8;8;3;0;0;1;0;5;3;4;5;5;7;13;8
;Gastro-enterologie;109.0;38;71;0;8;7;9;8;4;0;0;2;0;8;7;4;7;7;10;7;21
;Cardiologie;152.0;36;116;0;2;8;8;7;7;2;0;2;0;7;12;16;15;15;15;10;26
;Inwendige geneeskunde;213.0;93;120;0;26;15;17;13;4;6;6;6;0;10;6;6;11;8;13;10;56
;Reumatologie;42.0;21;21;0;1;3;2;2;2;3;3;5;0;0;3;1;0;2;3;5;7
;Acute geneeskunde;15.0;8;7;0;0;0;1;3;0;2;2;0;0;0;0;1;3;1;0;1;1
;Gynaecologie-verloskunde;188.0;106;82;0;21;17;18;12;17;13;4;4;0;4;2;3;5;5;12;12;39
;Oftalmologie;153.0;95;58;0;12;7;13;15;8;8;15;17;0;3;1;4;4;5;6;7;28
;Otorhinolaryngologie;92.0;42;50;0;6;4;8;7;4;6;3;4;0;2;2;3;5;6;4;12;16
;Stomatologie;55.0;15;40;0;2;2;3;4;2;0;1;1;0;4;4;3;5;4;3;7;10
;Dermato-venereologie;110.0;94;16;0;16;7;17;9;18;9;7;11;0;1;2;0;0;0;2;3;8
;Pediatrie;217.0;152;65;0;36;15;20;20;19;21;9;12;0;3;4;3;5;5;3;6;36
;Fysische geneeskunde en revalidatie;90.0;43;47;0;4;7;4;7;8;2;7;4;0;7;4;3;4;4;13;3;9
;Klinische biologie;97.0;49;48;0;1;3;12;8;6;6;4;9;0;1;0;1;4;7;5;9;21
;Rontgendiagnose;212.0;61;151;1;9;9;12;15;6;3;2;4;0;14;11;15;13;15;26;24;33
;Radiotherapie - oncologie;29.0;13;16;0;0;2;4;4;2;1;0;0;0;1;2;2;1;3;0;5;2
;Nucleaire geneeskunde;42.0;14;28;0;2;3;1;1;2;1;3;1;0;3;2;1;2;4;0;3;13
;Pathologische anatomie;61.0;32;29;0;4;3;7;3;6;4;2;3;0;2;0;4;9;1;2;2;9
;Medische oncologie;35.0;24;11;0;5;3;5;7;1;2;1;0;0;3;1;1;2;0;2;0;2
;Klinische genetica;13.0;6;7;0;0;0;0;3;1;0;0;2;0;0;0;2;2;2;1;0;0
;Arbeidsgeneeskunde;178.0;100;78;0;0;5;15;20;14;21;13;12;0;1;1;7;11;2;7;7;42
;"Verzekeringsgeneeskunde en
medische expertise";74.0;21;53;0;0;1;0;1;6;3;6;4;0;0;0;0;1;4;9;2;37
Antwerpen;Alle specialiteiten;4141.0;1776;2365;9;268;245;253;277;242;187;116;179;2;172;172;218;233;220;307;280;761
;Geriatrie;55.0;29;26;0;6;4;2;5;6;2;2;2;0;2;3;1;2;2;3;4;9
;Urgentiegeneeskunde;51.0;29;22;0;13;11;2;1;1;1;0;0;0;12;5;3;1;1;0;0;0
;Gerechtelijke geneeskunde;2.0;1;1;0;1;0;0;0;0;0;0;0;0;0;1;0;0;0;0;0;0
;Beheer van gezondheidsgegevens;6.0;1;5;0;0;0;0;0;0;1;0;0;0;0;0;0;1;0;2;1;1
;Anesthesie-reanimatie;416.0;192;224;0;39;30;26;29;21;20;10;17;0;20;25;21;26;31;25;25;51
;Heelkunde;271.0;58;213;0;13;9;8;11;4;3;3;7;0;18;12;23;24;21;25;31;59
;Neurochirurgie;48.0;5;43;0;3;0;0;0;1;1;0;0;0;0;5;9;5;6;6;3;9
;"Plastische, reconstructieve en
esthetische heelkunde";46.0;15;31;0;1;4;0;1;0;0;5;4;0;0;4;2;3;4;5;4;9
;Urologie;85.0;15;70;0;5;3;2;3;1;1;0;0;0;6;4;11;10;4;9;3;23
;Orthopedische heelkunde;209.0;28;181;0;7;7;2;2;6;1;1;2;0;8;17;19;23;17;29;19;49
;Neurologie;108.0;54;54;0;10;19;8;7;4;2;2;2;0;5;3;8;4;6;8;10;10
;Psychiatrie;68.0;37;31;0;0;0;0;4;17;15;1;0;0;0;0;0;8;9;11;3;0
;Neuropsychiatrie;32.0;6;26;0;0;0;0;0;0;1;0;5;0;0;0;0;0;0;0;4;22
;"Psychiatrie, meer bepaald kinder- en
jeugdpsychiatrie";81.0;65;16;0;5;10;19;19;2;4;4;2;0;1;0;3;4;0;1;1;6
;"Psychiatrie, meer bepaald
volwassenpsychiatrie";149.0;59;90;0;10;8;13;10;3;1;3;11;0;9;2;7;10;2;1;16;43
;Pneumologie;88.0;41;47;0;3;6;12;6;7;2;4;1;0;4;5;2;3;5;9;5;14
;Gastro-enterologie;104.0;37;67;0;7;12;3;7;3;4;1;0;0;6;4;12;9;3;12;8;13
;Cardiologie;171.0;36;135;0;4;9;5;7;5;3;0;3;0;13;10;21;20;15;17;11;28
;Inwendige geneeskunde;259.0;114;145;0;18;19;24;16;15;9;7;6;0;9;9;6;9;14;14;10;74
;Reumatologie;28.0;12;16;0;1;2;3;2;2;2;0;0;0;0;2;0;2;0;1;1;10
;Acute geneeskunde;36.0;15;21;0;2;1;2;7;0;0;2;1;0;0;3;4;5;4;2;3;0
;Gynaecologie-verloskunde;239.0;131;108;1;32;19;21;20;15;10;7;6;0;5;2;7;5;11;15;11;52
;Oftalmologie;202.0;121;81;4;15;12;15;13;12;18;10;22;1;6;6;5;4;6;9;9;35
;Otorhinolaryngologie;102.0;52;50;1;11;4;10;6;7;4;4;5;0;0;4;3;6;6;6;8;17
;Stomatologie;56.0;12;44;0;3;2;1;3;1;2;0;0;0;3;7;6;3;3;6;6;10
;Dermato-venereologie;117.0;75;42;2;3;11;9;10;13;7;6;14;1;3;2;3;4;2;5;4;18
;Pediatrie;258.0;174;84;1;25;19;21;31;28;24;9;16;0;6;5;9;6;7;4;8;39
;Fysische geneeskunde en revalidatie;88.0;45;43;0;6;3;4;7;9;8;4;4;0;5;2;4;3;5;8;3;13
;Klinische biologie;74.0;44;30;0;3;5;6;3;7;5;3;12;0;2;1;2;1;3;8;3;10
;Rontgendiagnose;248.0;71;177;0;7;10;7;10;12;11;4;10;0;16;16;12;14;15;32;22;50
;Radiotherapie - oncologie;44.0;22;22;0;5;0;5;3;5;2;0;2;0;1;5;3;2;2;3;4;2
;Nucleaire geneeskunde;32.0;5;27;0;1;0;1;1;0;2;0;0;0;3;2;3;2;4;3;2;8
;Pathologische anatomie;67.0;34;33;0;2;1;6;5;8;3;4;5;0;3;1;4;2;2;5;3;13
;Medische oncologie;30.0;14;16;0;4;1;2;3;1;1;2;0;0;3;3;0;3;1;2;3;1
;Klinische genetica;10.0;8;2;0;0;0;2;1;1;2;1;1;0;0;1;0;0;0;0;1;0
;Arbeidsgeneeskunde;188.0;95;93;0;2;4;11;23;18;9;12;16;0;3;1;5;6;7;14;21;36
;"Verzekeringsgeneeskunde en
medische expertise";73.0;24;49;0;1;0;1;1;7;6;5;3;0;0;0;0;3;2;7;10;27
Limburg;Alle specialiteiten;1649.0;658;991;0;89;104;99;105;94;79;39;49;0;60;66;92;115;96;126;139;297
;Geriatrie;29.0;16;13;0;5;3;1;4;2;1;0;0;0;1;0;1;1;2;1;4;3
;Urgentiegeneeskunde;11.0;6;5;0;1;4;0;1;0;0;0;0;0;2;2;0;1;0;0;0;0
;Beheer van gezondheidsgegevens;2.0;0;2;0;0;0;0;0;0;0;0;0;0;0;0;0;1;0;1;0;0
;Anesthesie-reanimatie;160.0;73;87;0;11;10;7;12;12;11;3;7;0;8;8;13;12;8;12;9;17
;Heelkunde;103.0;22;81;0;4;4;2;3;3;3;3;0;0;2;9;10;12;8;8;7;25
;Neurochirurgie;21.0;3;18;0;0;0;0;2;0;1;0;0;0;2;1;1;3;3;1;4;3
;"Plastische, reconstructieve en
esthetische heelkunde";15.0;0;15;0;0;0;0;0;0;0;0;0;0;0;2;1;1;1;3;1;6
;Urologie;31.0;2;29;0;2;0;0;0;0;0;0;0;0;4;2;1;4;4;5;4;5
;Orthopedische heelkunde;76.0;8;68;0;2;2;2;2;0;0;0;0;0;7;4;11;6;8;7;10;15
;Neurologie;38.0;19;19;0;4;3;4;1;2;2;1;2;0;2;2;4;2;1;3;1;4
;Psychiatrie;42.0;24;18;0;0;0;0;5;11;7;1;0;0;0;0;0;1;12;2;2;1
;Neuropsychiatrie;11.0;5;6;0;0;0;0;0;0;0;3;2;0;0;0;0;0;0;0;0;6
;"Psychiatrie, meer bepaald kinder- en
jeugdpsychiatrie";32.0;24;8;0;1;6;8;4;2;2;1;0;0;0;3;1;1;0;1;1;1
;"Psychiatrie, meer bepaald
volwassenpsychiatrie";72.0;32;40;0;3;7;9;7;1;2;2;1;0;0;2;3;8;0;2;4;21
;Pneumologie;33.0;9;24;0;1;2;2;2;1;0;1;0;0;2;3;3;4;1;2;5;4
;Gastro-enterologie;48.0;23;25;0;6;5;6;2;0;0;2;2;0;1;1;3;5;3;3;5;4
;Cardiologie;76.0;9;67;0;1;3;0;1;3;0;1;0;0;6;6;10;7;7;8;9;14
;Inwendige geneeskunde;79.0;27;52;0;3;4;7;4;4;3;1;1;0;1;3;5;3;4;7;5;24
;Reumatologie;20.0;10;10;0;1;3;1;0;1;3;1;0;0;0;1;0;0;1;2;0;6
;Acute geneeskunde;13.0;3;10;0;0;0;0;2;0;1;0;0;0;0;1;0;3;4;0;1;1
;Gynaecologie-verloskunde;85.0;52;33;0;16;6;7;8;7;2;3;3;0;2;0;1;3;4;3;6;14
;Oftalmologie;74.0;50;24;0;9;6;9;5;9;3;3;6;0;2;0;1;2;1;4;3;11
;Otorhinolaryngologie;45.0;21;24;0;3;5;3;5;0;1;2;2;0;2;2;1;1;2;3;8;5
;Stomatologie;27.0;4;23;0;0;0;2;1;0;1;0;0;0;4;2;3;4;2;3;3;2
;Dermato-venereologie;54.0;39;15;0;3;5;7;6;4;8;2;4;0;0;0;2;2;1;1;2;7
;Pediatrie;70.0;42;28;0;6;6;7;6;4;2;2;9;0;0;0;1;3;4;3;5;12
;Fysische geneeskunde en revalidatie;41.0;12;29;0;1;2;2;1;3;1;2;0;0;2;3;2;5;0;4;2;11
;Klinische biologie;29.0;11;18;0;0;1;2;3;3;2;0;0;0;0;3;1;3;1;2;3;5
;Rontgendiagnose;111.0;29;82;0;2;7;3;4;4;6;1;2;0;8;5;10;7;7;16;9;20
;Radiotherapie - oncologie;15.0;8;7;0;1;5;1;0;1;0;0;0;0;0;1;1;0;0;0;3;2
;Nucleaire geneeskunde;19.0;7;12;0;0;1;0;1;3;1;0;1;0;0;0;0;1;0;4;1;6
;Pathologische anatomie;27.0;12;15;0;0;4;0;1;4;2;1;0;0;1;0;1;1;0;2;2;8
;Medische oncologie;12.0;8;4;0;2;0;5;1;0;0;0;0;0;0;0;0;1;2;1;0;0
;Klinische genetica;1.0;1;0;0;0;0;1;0;0;0;0;0;0;0;0;0;0;0;0;0;0
;Arbeidsgeneeskunde;79.0;35;44;0;1;0;1;8;9;10;3;3;0;1;0;1;7;1;8;10;16
;"Verzekeringsgeneeskunde en
medische expertise";48.0;12;36;0;0;0;0;3;1;4;0;4;0;0;0;0;0;4;4;10;18
Waals Brabant;Alle specialiteiten;2082.0;898;1184;1;74;113;110;127;122;105;109;137;0;53;64;84;114;124;166;138;441
;Geriatrie;18.0;12;6;0;1;1;3;3;4;0;0;0;0;0;0;0;0;1;1;3;1
;Urgentiegeneeskunde;24.0;14;10;0;2;9;1;1;1;0;0;0;0;3;3;1;3;0;0;0;0
;Beheer van gezondheidsgegevens;13.0;5;8;0;0;0;0;0;1;2;2;0;0;0;0;0;1;2;2;2;1
;Anesthesie-reanimatie;193.0;74;119;0;3;11;13;13;6;5;2;21;0;7;24;19;14;13;9;11;22
;Heelkunde;129.0;24;105;0;3;3;3;0;3;2;6;4;0;2;4;6;12;11;13;8;49
;Neurochirurgie;7.0;1;6;0;0;0;0;0;1;0;0;0;0;1;0;0;1;2;2;0;0
;"Plastische, reconstructieve en
esthetische heelkunde";28.0;9;19;0;1;3;1;1;1;1;1;0;0;0;0;4;2;3;4;1;5
;Urologie;30.0;4;26;0;0;1;0;1;1;1;0;0;0;2;2;3;5;2;3;1;8
;Orthopedische heelkunde;93.0;7;86;0;0;1;2;2;0;1;1;0;0;7;4;2;9;11;14;12;27
;Neurologie;50.0;29;21;0;2;6;3;6;4;3;2;3;0;2;1;2;4;5;2;2;3
;Psychiatrie;90.0;38;52;0;0;0;1;3;9;3;13;9;0;0;1;0;3;3;7;5;33
;Neuropsychiatrie;20.0;5;15;0;0;0;0;0;0;0;1;4;0;0;0;0;0;0;0;1;14
;"Psychiatrie, meer bepaald kinder- en
jeugdpsychiatrie";24.0;18;6;0;0;3;6;3;3;0;0;3;0;0;0;0;4;0;0;0;2
;"Psychiatrie, meer bepaald
volwassenpsychiatrie";37.0;21;16;0;3;5;5;6;1;0;1;0;0;1;2;3;3;3;1;1;2
;Pneumologie;40.0;21;19;0;3;1;5;2;3;3;0;4;0;1;0;1;2;3;2;6;4
;Gastro-enterologie;64.0;19;45;0;2;4;2;2;2;3;3;1;0;2;3;3;4;5;10;6;12
;Cardiologie;99.0;26;73;0;4;3;4;3;3;2;4;3;0;3;6;8;6;10;13;9;18
;Inwendige geneeskunde;164.0;58;106;0;3;8;8;11;11;8;5;4;0;6;3;4;9;9;22;16;37
;Reumatologie;14.0;6;8;0;2;0;1;1;0;0;0;2;0;1;0;0;1;0;2;0;4
;Acute geneeskunde;30.0;9;21;0;0;0;0;2;5;1;1;0;0;1;0;1;5;5;4;1;4
;Gynaecologie-verloskunde;110.0;70;40;0;8;8;10;10;11;7;10;6;0;1;1;0;2;8;4;6;18
;Oftalmologie;81.0;52;29;1;5;5;8;5;5;10;2;11;0;4;0;0;4;4;6;1;10
;Otorhinolaryngologie;56.0;23;33;0;5;6;3;2;4;2;1;0;0;1;0;2;2;3;2;7;16
;Stomatologie;30.0;6;24;0;0;2;0;2;0;0;1;1;0;2;1;2;1;3;1;2;12
;Dermato-venereologie;62.0;50;12;0;3;3;4;9;7;6;6;12;0;0;0;0;1;1;2;0;8
;Pediatrie;148.0;102;46;0;10;13;12;17;11;13;14;12;0;1;1;4;4;2;4;8;22
;Fysische geneeskunde en revalidatie;36.0;17;19;0;3;4;2;2;2;1;1;2;0;0;0;2;2;0;2;2;11
;Klinische biologie;67.0;35;32;0;1;1;3;2;1;6;4;17;0;0;1;1;1;1;3;2;23
;Rontgendiagnose;146.0;55;91;0;7;6;3;10;8;8;9;4;0;3;7;7;5;8;15;14;32
;Radiotherapie - oncologie;15.0;6;9;0;0;0;0;0;0;1;3;2;0;1;0;2;1;1;1;1;2
;Nucleaire geneeskunde;28.0;13;15;0;0;0;2;0;2;6;1;2;0;0;0;0;0;1;3;1;10
;Pathologische anatomie;25.0;15;10;0;1;2;1;2;3;2;2;2;0;0;0;2;0;0;1;1;6
;Medische oncologie;19.0;9;10;0;1;4;1;0;1;0;0;2;0;1;0;2;1;1;1;0;4
;Klinische genetica;4.0;2;2;0;0;0;1;0;1;0;0;0;0;0;0;2;0;0;0;0;0
;Arbeidsgeneeskunde;55.0;33;22;0;1;0;2;5;6;7;10;2;0;0;0;0;2;3;4;2;11
;"Verzekeringsgeneeskunde en
medische expertise";33.0;10;23;0;0;0;0;1;1;1;3;4;0;0;0;1;0;0;6;6;10
Henegouwen;Alle specialiteiten;2492.0;1007;1485;2;100;134;121;158;114;90;83;205;2;58;76;80;132;141;178;205;613
;Geriatrie;36.0;24;12;0;4;5;4;2;2;4;1;2;0;0;1;4;2;0;0;2;3
;Urgentiegeneeskunde;25.0;9;16;0;5;3;1;0;0;0;0;0;0;3;4;2;1;4;0;1;1
;Beheer van gezondheidsgegevens;4.0;2;2;0;0;0;0;0;0;1;1;0;0;0;0;0;0;0;0;1;1
;Anesthesie-reanimatie;201.0;80;121;0;9;9;7;12;11;8;4;20;0;5;6;9;13;14;26;16;32
;Heelkunde;179.0;36;143;0;4;5;7;6;1;4;2;7;0;4;7;8;11;14;15;22;62
;Neurochirurgie;19.0;5;14;0;1;1;1;0;1;1;0;0;0;1;2;2;3;0;1;2;3
;"Plastische, reconstructieve en
esthetische heelkunde";19.0;7;12;0;1;1;1;1;1;0;1;1;0;1;2;2;1;2;1;2;1
;Urologie;44.0;8;36;0;2;0;1;2;0;0;2;1;0;2;4;4;2;4;3;4;13
;Orthopedische heelkunde;122.0;6;116;0;0;1;1;1;0;1;0;2;0;5;13;10;8;17;14;16;33
;Neurologie;57.0;19;38;0;0;5;3;6;2;0;2;1;0;2;1;3;6;4;6;4;12
;Psychiatrie;92.0;38;54;0;0;4;0;7;7;2;7;11;0;0;1;1;3;7;7;9;26
;Neuropsychiatrie;17.0;2;15;0;0;0;0;0;0;0;0;2;0;0;0;0;0;0;0;1;14
;"Psychiatrie, meer bepaald kinder- en
jeugdpsychiatrie";18.0;11;7;0;3;4;1;2;1;0;0;0;0;1;0;2;1;2;0;0;1
;"Psychiatrie, meer bepaald
volwassenpsychiatrie";31.0;21;10;0;3;4;6;5;2;0;1;0;0;1;0;2;4;0;2;0;1
;Pneumologie;78.0;27;51;0;2;1;5;6;3;1;2;7;0;0;1;1;5;9;5;8;22
;Gastro-enterologie;69.0;20;49;0;2;4;2;3;1;0;1;7;0;2;0;2;9;6;7;8;15
;Cardiologie;105.0;21;84;0;2;4;2;2;2;3;2;4;0;1;2;6;10;4;13;11;37
;Inwendige geneeskunde;186.0;71;115;1;10;14;13;13;10;1;3;6;0;6;5;5;8;9;22;13;47
;Reumatologie;30.0;14;16;0;1;2;3;3;1;0;1;3;0;0;1;0;0;1;2;4;8
;Acute geneeskunde;38.0;18;20;0;0;0;3;5;5;3;1;1;0;0;0;0;2;8;3;4;3
;Gynaecologie-verloskunde;186.0;95;91;1;11;15;10;13;16;9;3;17;0;3;3;3;9;8;8;15;42
;Oftalmologie;77.0;41;36;0;4;3;6;6;3;5;2;12;2;2;2;1;2;2;2;6;17
;Otorhinolaryngologie;62.0;27;35;0;1;4;4;3;6;3;2;4;0;2;0;0;5;1;5;4;18
;Stomatologie;23.0;9;14;0;1;0;2;2;1;1;0;2;0;0;1;0;1;2;2;2;6
;Dermato-venereologie;72.0;50;22;0;4;6;3;5;8;5;6;13;0;0;2;1;2;1;4;2;10
;Pediatrie;163.0;108;55;0;12;17;17;19;10;6;5;22;0;3;3;1;1;5;3;3;36
;Fysische geneeskunde en revalidatie;49.0;24;25;0;3;5;2;5;2;1;1;5;0;1;1;3;1;1;3;4;11
;Klinische biologie;57.0;26;31;0;2;1;2;1;1;3;3;13;0;3;0;1;1;0;2;4;20
;Rontgendiagnose;162.0;56;106;0;6;6;8;8;1;10;6;11;0;2;6;5;6;12;7;17;51
;Radiotherapie - oncologie;19.0;10;9;0;1;3;1;1;1;0;0;3;0;1;2;0;3;1;0;1;1
;Nucleaire geneeskunde;28.0;11;17;0;0;3;0;2;0;2;1;3;0;1;0;0;0;1;2;3;10
;Pathologische anatomie;38.0;21;17;0;4;2;1;1;2;3;1;7;0;3;3;0;2;0;1;1;7
;Medische oncologie;29.0;13;16;0;1;1;1;0;6;2;1;1;0;3;2;0;2;1;4;1;3
;Klinische genetica;3.0;2;1;0;0;0;0;2;0;0;0;0;0;0;0;0;0;0;1;0;0
;Arbeidsgeneeskunde;89.0;58;31;0;1;1;3;13;7;7;13;13;0;0;1;2;5;1;2;4;16
;"Verzekeringsgeneeskunde en
medische expertise";65.0;17;48;0;0;0;0;1;0;4;8;4;0;0;0;0;3;0;5;10;30
Luik;Alle specialiteiten;3214.0;1451;1763;3;181;212;188;214;171;135;114;233;6;125;126;120;155;166;196;211;658
;Geriatrie;33.0;27;6;0;3;6;4;5;6;2;0;1;0;0;1;1;0;1;0;1;2
;Urgentiegeneeskunde;45.0;20;25;0;8;6;2;3;1;0;0;0;0;4;12;3;3;2;1;0;0
;Gerechtelijke geneeskunde;5.0;1;4;0;0;0;0;1;0;0;0;0;0;0;2;1;0;0;0;0;1
;Beheer van gezondheidsgegevens;2.0;0;2;0;0;0;0;0;0;0;0;0;0;0;0;0;0;1;0;0;1
;Anesthesie-reanimatie;333.0;118;215;0;11;26;14;20;14;13;4;16;1;31;21;21;26;28;22;23;42
;Heelkunde;165.0;36;129;0;4;5;4;6;5;8;4;0;0;5;8;10;9;6;18;21;52
;Neurochirurgie;27.0;4;23;0;1;1;0;0;0;1;1;0;0;4;3;0;3;3;4;1;5
;"Plastische, reconstructieve en
esthetische heelkunde";29.0;8;21;0;0;2;1;2;0;1;1;1;0;1;5;5;1;3;2;1;3
;Urologie;54.0;8;46;0;1;2;2;0;1;1;1;0;0;4;3;4;5;4;4;6;16
;Orthopedische heelkunde;96.0;19;77;0;5;2;2;6;0;0;3;1;0;3;10;6;8;7;6;9;28
;Neurologie;73.0;27;46;0;4;5;6;3;4;1;2;2;0;6;4;2;5;4;6;9;10
;Psychiatrie;170.0;86;84;0;1;2;4;13;17;13;12;24;0;0;3;1;5;5;11;5;54
;Neuropsychiatrie;14.0;3;11;0;0;0;0;0;0;0;0;3;0;0;0;0;0;0;0;0;11
;"Psychiatrie, meer bepaald kinder- en
jeugdpsychiatrie";22.0;16;6;0;4;4;5;1;1;0;1;0;0;2;1;1;0;0;1;1;0
;"Psychiatrie, meer bepaald
volwassenpsychiatrie";54.0;34;20;0;5;7;8;11;2;1;0;0;1;2;3;4;3;4;1;0;2
;Pneumologie;72.0;30;42;0;4;7;5;9;2;1;1;1;0;4;2;5;4;7;4;3;13
;Gastro-enterologie;90.0;39;51;0;8;9;6;7;4;1;2;2;0;3;2;4;4;1;13;5;19
;Cardiologie;157.0;53;104;0;5;11;11;9;7;6;4;0;0;3;6;8;15;14;8;12;38
;Inwendige geneeskunde;197.0;95;102;0;23;12;18;12;12;3;2;13;0;6;1;8;11;11;12;14;39
;Reumatologie;37.0;22;15;0;1;1;2;2;4;5;0;7;0;2;1;1;0;1;1;3;6
;Acute geneeskunde;30.0;9;21;0;0;0;0;2;3;2;2;0;0;0;1;0;1;6;6;2;5
;Gynaecologie-verloskunde;216.0;120;96;2;21;18;14;15;13;9;13;15;0;3;5;4;7;9;10;14;44
;Oftalmologie;148.0;93;55;1;12;11;10;9;9;6;10;25;2;9;4;5;5;6;4;4;16
;Otorhinolaryngologie;96.0;51;45;0;6;6;7;9;7;4;3;9;0;4;3;3;3;4;6;4;18
;Stomatologie;18.0;4;14;0;1;0;2;0;0;0;0;1;0;1;0;0;1;0;2;1;9
;Dermato-venereologie;90.0;60;30;0;6;8;9;5;11;6;3;12;0;2;2;2;1;2;3;5;13
;Pediatrie;252.0;174;78;0;28;34;21;28;14;11;10;28;0;4;5;3;7;7;6;6;40
;Fysische geneeskunde en revalidatie;82.0;42;40;0;1;7;6;4;8;4;4;8;0;3;2;5;4;2;6;8;10
;Klinische biologie;64.0;31;33;0;0;1;3;0;4;2;3;18;0;0;1;1;0;0;5;6;20
;Rontgendiagnose;202.0;52;150;0;7;7;8;3;5;13;3;6;1;13;12;6;15;12;17;22;52
;Radiotherapie - oncologie;21.0;10;11;0;1;2;0;1;0;1;2;3;0;1;0;1;2;3;0;1;3
;Nucleaire geneeskunde;52.0;20;32;0;3;0;2;1;2;5;3;4;0;2;2;3;1;2;0;5;17
;Pathologische anatomie;35.0;21;14;0;2;2;2;2;5;3;2;3;1;2;0;1;0;0;4;2;4
;Medische oncologie;38.0;23;15;0;4;3;0;7;2;3;1;3;0;0;1;1;1;2;4;2;4
;Klinische genetica;10.0;6;4;0;0;2;1;1;1;0;0;1;0;0;0;0;2;1;1;0;0
;Arbeidsgeneeskunde;102.0;59;43;0;1;3;8;16;6;5;8;12;0;1;0;0;2;3;3;3;31
;"Verzekeringsgeneeskunde en
medische expertise";83.0;30;53;0;0;0;1;1;1;4;9;14;0;0;0;0;1;5;5;12;30
Namen;Alle specialiteiten;1413.0;584;829;4;62;76;85;94;70;59;49;85;1;40;64;72;94;71;94;96;297
;Geriatrie;17.0;12;5;0;3;0;2;2;2;2;0;1;0;1;0;0;1;1;0;0;2
;Urgentiegeneeskunde;13.0;3;10;0;1;2;0;0;0;0;0;0;0;1;2;1;2;2;1;1;0
;Gerechtelijke geneeskunde;2.0;1;1;0;0;0;1;0;0;0;0;0;0;0;0;1;0;0;0;0;0
;Beheer van gezondheidsgegevens;3.0;0;3;0;0;0;0;0;0;0;0;0;0;0;0;0;0;0;1;1;1
;Anesthesie-reanimatie;128.0;47;81;0;5;8;7;10;4;2;5;6;0;10;4;7;11;11;12;14;12
;Heelkunde;93.0;14;79;0;2;1;2;2;3;2;2;0;0;2;3;9;9;6;9;10;31
;Neurochirurgie;15.0;2;13;0;1;0;0;1;0;0;0;0;0;0;2;1;2;2;2;1;3
;"Plastische, reconstructieve en
esthetische heelkunde";7.0;1;6;0;0;0;0;1;0;0;0;0;0;0;1;1;1;0;2;1;0
;Urologie;19.0;5;14;0;1;0;0;3;1;0;0;0;0;2;2;1;3;2;0;1;3
;Orthopedische heelkunde;69.0;7;62;0;1;2;2;0;1;0;0;1;0;0;8;10;7;2;8;6;21
;Neurologie;31.0;22;9;1;4;1;3;4;4;2;2;1;0;1;0;0;1;0;3;1;3
;Psychiatrie;46.0;16;30;0;0;0;2;2;6;6;0;0;0;0;0;1;3;4;4;3;15
;Neuropsychiatrie;3.0;1;2;0;0;0;0;0;0;0;0;1;0;0;0;0;0;0;0;0;2
;"Psychiatrie, meer bepaald kinder- en
jeugdpsychiatrie";10.0;6;4;0;0;4;0;1;0;0;0;1;0;0;0;0;2;1;0;0;1
;"Psychiatrie, meer bepaald
volwassenpsychiatrie";26.0;15;11;0;2;2;4;4;1;0;1;1;0;2;3;4;2;0;0;0;0
;Pneumologie;35.0;13;22;0;1;4;3;1;1;1;1;1;0;2;3;2;2;2;6;2;3
;Gastro-enterologie;39.0;11;28;0;0;4;2;2;0;2;1;0;0;0;2;0;4;2;3;7;10
;Cardiologie;58.0;15;43;0;1;4;2;3;4;1;0;0;0;4;4;3;6;4;5;4;13
;Inwendige geneeskunde;104.0;43;61;0;8;6;8;7;5;2;3;4;0;1;3;4;10;10;6;3;24
;Reumatologie;17.0;7;10;0;1;0;1;2;2;1;0;0;0;0;0;1;0;1;0;3;5
;Acute geneeskunde;31.0;20;11;0;1;1;1;8;5;2;1;1;0;0;1;0;4;1;3;1;1
;Gynaecologie-verloskunde;69.0;42;27;0;5;5;10;6;3;6;2;5;0;1;1;4;2;1;1;3;14
;Oftalmologie;56.0;28;28;1;2;4;3;3;1;2;1;11;0;1;4;4;3;1;4;6;5
;Otorhinolaryngologie;43.0;18;25;0;2;2;1;2;3;2;5;1;0;1;1;1;4;1;2;5;10
;Stomatologie;23.0;3;20;0;0;0;1;0;1;0;1;0;0;3;4;0;2;2;1;0;8
;Dermato-venereologie;36.0;23;13;2;8;3;2;0;3;2;0;3;0;1;0;0;1;0;1;1;9
;Pediatrie;90.0;54;36;0;9;9;5;6;5;5;2;13;0;1;3;7;1;3;3;2;16
;Fysische geneeskunde en revalidatie;27.0;17;10;0;0;1;3;1;3;1;3;5;0;1;0;1;0;0;2;1;5
;Klinische biologie;42.0;24;18;0;0;1;3;3;1;1;3;12;0;0;0;2;0;0;0;3;13
;Rontgendiagnose;99.0;30;69;0;0;7;5;6;4;3;2;3;1;5;10;3;5;4;9;5;27
;Radiotherapie - oncologie;17.0;13;4;0;1;2;3;1;1;3;2;0;0;0;0;2;1;1;0;0;0
;Nucleaire geneeskunde;19.0;7;12;0;0;0;1;2;0;2;1;1;0;0;0;0;1;1;3;0;7
;Pathologische anatomie;9.0;7;2;0;0;1;1;2;1;0;1;1;0;0;0;0;0;1;1;0;0
;Medische oncologie;18.0;9;9;0;3;2;0;1;0;1;1;1;0;0;2;1;1;2;0;1;2
;Arbeidsgeneeskunde;58.0;35;23;0;0;0;7;6;4;5;5;8;0;0;1;1;1;3;0;5;12
;"Verzekeringsgeneeskunde en
medische expertise";41.0;13;28;0;0;0;0;2;1;3;4;3;0;0;0;0;2;0;2;5;19
Luxemburg;Alle specialiteiten;519.0;217;302;0;23;24;35;41;27;26;12;29;1;9;14;17;34;22;43;42;120
;Geriatrie;12.0;10;2;0;3;2;2;2;0;1;0;0;0;0;0;0;0;0;0;0;2
;Urgentiegeneeskunde;7.0;2;5;0;1;1;0;0;0;0;0;0;0;1;1;0;1;1;0;0;1
;Anesthesie-reanimatie;43.0;18;25;0;0;4;6;3;3;1;0;1;0;0;2;1;2;1;3;7;9
;Heelkunde;31.0;10;21;0;4;0;2;3;1;0;0;0;0;0;1;2;2;3;2;3;8
;Neurochirurgie;4.0;1;3;0;1;0;0;0;0;0;0;0;0;0;0;0;0;0;0;1;2
;"Plastische, reconstructieve en
esthetische heelkunde";1.0;1;0;0;0;0;0;0;0;1;0;0;0;0;0;0;0;0;0;0;0
;Urologie;11.0;1;10;0;0;0;0;1;0;0;0;0;0;0;1;1;1;0;1;0;6
;Orthopedische heelkunde;31.0;3;28;0;0;0;0;1;1;1;0;0;0;2;3;0;4;3;2;6;8
;Neurologie;12.0;9;3;0;2;2;1;1;2;1;0;0;0;0;0;0;0;0;1;1;1
;Psychiatrie;22.0;7;15;0;0;0;1;0;2;1;1;2;0;0;0;1;2;1;2;1;8
;Neuropsychiatrie;2.0;0;2;0;0;0;0;0;0;0;0;0;0;0;0;0;0;0;0;0;2
;"Psychiatrie, meer bepaald kinder- en
jeugdpsychiatrie";5.0;5;0;0;0;1;0;3;0;0;0;1;0;0;0;0;0;0;0;0;0
;"Psychiatrie, meer bepaald
volwassenpsychiatrie";5.0;3;2;0;0;0;1;1;0;0;0;1;0;0;0;1;0;0;1;0;0
;Pneumologie;10.0;2;8;0;0;1;0;1;0;0;0;0;0;1;2;0;1;0;0;3;1
;Gastro-enterologie;8.0;3;5;0;0;0;1;0;1;0;1;0;0;0;0;1;1;0;1;1;1
;Cardiologie;22.0;4;18;0;0;3;0;0;0;0;0;1;0;2;2;1;2;0;4;1;6
;Inwendige geneeskunde;34.0;11;23;0;2;0;4;2;1;2;0;0;0;0;0;2;9;2;2;1;7
;Reumatologie;4.0;2;2;0;0;0;1;0;0;1;0;0;0;0;0;0;0;0;0;1;1
;Acute geneeskunde;6.0;4;2;0;1;0;0;1;0;0;0;2;0;0;0;0;0;0;1;1;0
;Gynaecologie-verloskunde;33.0;16;17;0;3;4;4;1;3;1;0;0;0;0;0;1;1;3;3;0;9
;Oftalmologie;18.0;9;9;0;1;1;0;2;0;1;1;3;1;0;0;0;1;0;3;2;2
;Otorhinolaryngologie;13.0;7;6;0;0;0;2;0;2;2;1;0;0;0;1;0;0;0;2;0;3
;Stomatologie;6.0;3;3;0;0;0;1;1;0;0;0;1;0;0;0;0;0;0;1;0;2
;Dermato-venereologie;8.0;5;3;0;1;0;1;0;1;2;0;0;0;0;0;0;0;0;1;0;2
;Pediatrie;37.0;28;9;0;4;2;5;4;3;4;1;5;0;0;1;0;1;0;2;1;4
;Fysische geneeskunde en revalidatie;7.0;3;4;0;0;1;0;2;0;0;0;0;0;0;0;1;0;1;0;0;2
;Klinische biologie;10.0;5;5;0;0;0;0;0;1;0;2;2;0;0;0;0;0;0;0;0;5
;Rontgendiagnose;41.0;10;31;0;0;1;0;3;1;2;1;2;0;3;0;3;0;4;8;4;9
;Radiotherapie - oncologie;3.0;2;1;0;0;0;1;0;0;0;1;0;0;0;0;0;0;0;0;0;1
;Nucleaire geneeskunde;6.0;2;4;0;0;0;0;1;0;0;0;1;0;0;0;1;1;0;0;0;2
;Pathologische anatomie;3.0;2;1;0;0;0;0;1;0;0;0;1;0;0;0;0;0;1;0;0;0
;Medische oncologie;3.0;1;2;0;0;1;0;0;0;0;0;0;0;0;0;0;0;1;0;1;0
;Klinische genetica;1.0;1;0;0;0;0;0;0;1;0;0;0;0;0;0;0;0;0;0;0;0
;Arbeidsgeneeskunde;36.0;21;15;0;0;0;2;7;2;3;1;6;0;0;0;1;5;1;1;2;5
;"Verzekeringsgeneeskunde en
medische expertise";24.0;6;18;0;0;0;0;0;2;2;2;0;0;0;0;0;0;0;2;5;11
"Brussels
Hoofdstedelijk Gewest";Alle specialiteiten;3931.0;1928;2003;8;260;266;266;197;192;177;167;395;3;178;151;161;157;163;169;239;782
;Geriatrie;38.0;26;12;0;3;6;10;1;3;1;1;1;0;1;0;2;1;0;2;3;3
;Urgentiegeneeskunde;41.0;21;20;0;2;11;3;2;0;3;0;0;0;1;8;4;3;2;1;1;0
;Gerechtelijke geneeskunde;1.0;0;1;0;0;0;0;0;0;0;0;0;0;0;1;0;0;0;0;0;0
;Beheer van gezondheidsgegevens;11.0;6;5;0;0;0;0;0;4;0;2;0;0;0;0;1;0;0;2;1;1
;Anesthesie-reanimatie;302.0;153;149;0;31;19;19;13;14;11;7;39;0;27;17;21;12;25;10;10;27
;Heelkunde;208.0;52;156;0;6;9;7;8;2;4;6;10;0;12;16;8;11;19;12;12;66
;Neurochirurgie;21.0;4;17;0;1;2;0;1;0;0;0;0;0;1;1;2;2;2;0;4;5
;"Plastische, reconstructieve en
esthetische heelkunde";34.0;6;28;0;0;1;2;0;0;0;1;2;0;3;2;3;3;4;1;3;9
;Urologie;52.0;8;44;0;3;2;1;2;0;0;0;0;0;5;6;2;3;1;5;4;18
;Orthopedische heelkunde;110.0;21;89;0;5;2;1;1;4;4;0;4;0;5;8;10;6;5;11;11;33
;Neurologie;92.0;53;39;1;12;7;7;7;5;6;3;5;0;6;5;4;7;7;3;5;2
;Psychiatrie;254.0;109;145;0;0;0;5;9;16;27;17;35;0;0;0;1;10;7;16;24;87
;Neuropsychiatrie;32.0;12;20;0;0;0;0;0;0;1;0;11;0;0;0;0;0;0;0;0;20
;"Psychiatrie, meer bepaald kinder- en
jeugdpsychiatrie";57.0;40;17;0;4;13;11;4;1;5;0;2;0;7;2;4;0;0;0;3;1
;"Psychiatrie, meer bepaald
volwassenpsychiatrie";112.0;66;46;0;17;13;7;9;6;5;3;6;0;10;4;13;9;2;2;1;5
;Pneumologie;72.0;34;38;0;6;5;8;4;5;0;2;4;0;2;1;4;2;3;3;8;15
;Gastro-enterologie;114.0;44;70;0;7;5;9;6;5;4;0;8;0;6;5;6;6;8;8;5;26
;Cardiologie;205.0;76;129;0;8;14;15;6;8;4;12;9;0;14;7;14;13;11;16;11;43
;Inwendige geneeskunde;340.0;144;196;0;20;27;30;19;15;8;6;19;0;15;14;21;14;17;16;21;78
;Reumatologie;39.0;18;21;0;1;2;2;2;3;1;3;4;0;1;0;0;0;3;3;2;12
;Acute geneeskunde;32.0;17;15;0;0;4;0;4;4;1;1;3;0;0;1;0;2;3;3;3;3
;Gynaecologie-verloskunde;292.0;181;111;0;38;34;18;13;10;19;18;31;0;2;7;8;8;7;5;15;59
;Oftalmologie;171.0;108;63;4;12;13;17;8;7;5;12;30;2;8;4;5;12;2;6;5;19
;Otorhinolaryngologie;92.0;37;55;0;4;2;7;4;7;1;2;10;0;3;4;2;1;6;7;9;23
;Stomatologie;58.0;18;40;0;3;0;3;0;3;2;3;4;0;6;3;2;2;1;2;3;21
;Dermato-venereologie;136.0;99;37;1;12;8;12;10;10;9;10;27;0;1;3;2;2;1;6;5;17
;Pediatrie;345.0;238;107;1;34;27;41;27;23;20;13;52;1;10;10;6;6;10;3;9;52
;Fysische geneeskunde en revalidatie;42.0;26;16;0;6;0;5;4;3;4;1;3;0;0;1;0;1;0;1;6;7
;Klinische biologie;103.0;56;47;0;4;4;2;2;8;4;11;21;0;4;2;1;1;1;3;8;27
;Rontgendiagnose;225.0;94;131;0;13;14;12;5;12;12;10;16;0;22;11;9;6;11;11;19;42
;Radiotherapie - oncologie;22.0;17;5;0;1;2;1;4;2;0;3;4;0;1;1;1;0;0;0;1;1
;Nucleaire geneeskunde;47.0;16;31;0;1;4;1;3;0;2;2;3;0;3;4;2;4;2;2;2;12
;Pathologische anatomie;47.0;30;17;1;3;4;1;5;2;2;3;9;0;1;0;0;2;1;2;5;6
;Medische oncologie;54.0;29;25;0;3;10;6;2;2;2;1;3;0;1;2;2;5;1;4;2;8
;Klinische genetica;10.0;8;2;0;0;1;0;3;1;1;0;2;0;0;0;0;1;0;0;0;1
;Arbeidsgeneeskunde;76.0;43;33;0;0;1;3;7;4;9;8;11;0;0;1;0;1;0;1;9;21
;"Verzekeringsgeneeskunde en
medische expertise";44.0;18;26;0;0;0;0;2;3;0;6;7;0;0;0;1;1;1;2;9;12
